osu file format v14

[General]
AudioFilename: audio.ogg
AudioLeadIn: 0
PreviewTime: 60389
Countdown: 0
SampleSet: Soft
StackLeniency: 0.7
Mode: 3
LetterboxInBreaks: 0
SpecialStyle: 0
WidescreenStoryboard: 0

[Editor]
Bookmarks: 89969,118625,161611,175939,190267,233252
DistanceSpacing: 1.3
BeatDivisor: 4
GridSize: 32
TimelineZoom: 2.7

[Metadata]
Title:last fortune
TitleUnicode:last fortune
Artist:fripSide
ArtistUnicode:fripSide
Creator:eZmmR
Version:Lv.45
Source:ティンクル☆くるせいだーす -Passion Star Stream-
Tags:Twinkle ☆ Crusaders Lillian クルくる kurukuru PSS Venus Embryo 南條 愛乃 nanjou nanjo yoshino Satoshi Yaginuma 八木沼 悟志 way to answer opening op eroge vn visual novel videogame video game jpop pop j-pop japanese onta_bekasi cicada sorairo -soraIro- dh drum-hitnormal dudehacker
BeatmapID:5643835
BeatmapSetID:2546806

[Difficulty]
HPDrainRate:8.5
CircleSize:4
OverallDifficulty:7
ApproachRate:5
SliderMultiplier:1.7
SliderTickRate:1

[Events]
//Background and Video events
0,0,"twinkle2.jpg",0,0
//Break Periods
//Storyboard Layer 0 (Background)
//Storyboard Layer 1 (Fail)
//Storyboard Layer 2 (Pass)
//Storyboard Layer 3 (Foreground)
//Storyboard Layer 4 (Overlay)
//Storyboard Sound Samples

[TimingPoints]
417,447.761194029851,4,2,1,25,1,0
417,-133.333333333333,4,2,1,25,0,0
12954,-200,4,2,1,25,0,0
14521,-100,4,2,1,25,0,0
61312,-100,4,2,1,25,0,1
89969,-100,4,2,1,25,0,0
132954,-100,4,2,1,25,0,1
161611,-100,4,2,1,25,0,0
204596,-200,4,2,1,25,0,0
215386.775,-196.078431372549,4,2,1,25,0,0
215431.55,-188.679245283019,4,2,1,25,0,0
215476.325,-185.185185185185,4,2,1,25,0,0
215521.1,-181.818181818182,4,2,1,25,0,0
215565.875,-178.571428571429,4,2,1,25,0,0
215610.65,-175.438596491228,4,2,1,25,0,0
215655.425,-169.491525423729,4,2,1,25,0,0
215700.2,-166.666666666667,4,2,1,25,0,0
215744.975,-163.934426229508,4,2,1,25,0,0
215789.75,-158.730158730159,4,2,1,25,0,0
215834.525,-156.25,4,2,1,25,0,0
215879.3,-153.846153846154,4,2,1,25,0,0
215924.075,-151.515151515152,4,2,1,25,0,0
215968.85,-147.058823529412,4,2,1,25,0,0
216013.625,-144.927536231884,4,2,1,25,0,0
216058.4,-142.857142857143,4,2,1,25,0,0
216103.175,-140.845070422535,4,2,1,25,0,0
216147.95,-136.986301369863,4,2,1,25,0,0
216192.725,-135.135135135135,4,2,1,25,0,0
216237.5,-133.333333333333,4,2,1,25,0,0
216282.275,-131.578947368421,4,2,1,25,0,0
216327.05,-128.205128205128,4,2,1,25,0,0
216371.825,-126.582278481013,4,2,1,25,0,0
216416.6,-125,4,2,1,25,0,0
216461.375,-123.456790123457,4,2,1,25,0,0
216506.15,-120.481927710843,4,2,1,25,0,0
216550.925,-119.047619047619,4,2,1,25,0,0
216595.7,-117.647058823529,4,2,1,25,0,0
216640.475,-116.279069767442,4,2,1,25,0,0
216685.25,-113.636363636364,4,2,1,25,0,0
216730.025,-112.359550561798,4,2,1,25,0,0
216774.8,-111.111111111111,4,2,1,25,0,0
216819.575,-109.89010989011,4,2,1,25,0,0
216864.35,-107.52688172043,4,2,1,25,0,0
216909.125,-106.382978723404,4,2,1,25,0,0
216953.9,-105.263157894737,4,2,1,25,0,0
216998.675,-104.166666666667,4,2,1,25,0,0
217043.45,-102.040816326531,4,2,1,25,0,0
217088.225,-101.010101010101,4,2,1,25,0,0
217133,-100,4,2,1,25,0,0
218924,-133.333333333333,4,2,1,25,0,0
219103.1,-131.578947368421,4,2,1,25,0,0
219461.3,-129.87012987013,4,2,1,25,0,0
219819.5,-128.205128205128,4,2,1,25,0,0
220177.7,-126.582278481013,4,2,1,25,0,0
220535.9,-125,4,2,1,25,0,0
220894.1,-123.456790123457,4,2,1,25,0,0
221252.3,-121.951219512195,4,2,1,25,0,0
221610.5,-120.481927710843,4,2,1,25,0,0
221968.7,-119.047619047619,4,2,1,25,0,0
222326.9,-117.647058823529,4,2,1,25,0,0
222685.1,-116.279069767442,4,2,1,25,0,0
223043.3,-114.942528735632,4,2,1,25,0,0
223401.5,-113.636363636364,4,2,1,25,0,0
223759.7,-112.359550561798,4,2,1,25,0,0
224117.9,-111.111111111111,4,2,1,25,0,0
224476.1,-109.89010989011,4,2,1,25,0,0
224834.3,-108.695652173913,4,2,1,25,0,0
225192.5,-107.52688172043,4,2,1,25,0,0
225550.7,-106.382978723404,4,2,1,25,0,0
225908.9,-105.263157894737,4,2,1,25,0,0
226267.1,-104.166666666667,4,2,1,25,0,0
226625.3,-103.092783505155,4,2,1,25,0,0
226983.5,-102.040816326531,4,2,1,25,0,0
227341.7,-101.010101010101,4,2,1,25,0,0
227699.9,-100,4,2,1,25,0,0
233252,-100,4,2,1,25,0,1
261909,-100,4,2,1,25,0,0


[HitObjects]
320,192,417,5,0,0:0:0:0:
448,192,417,1,0,0:0:0:0:
64,192,640,1,0,0:0:0:0:
320,192,864,1,0,0:0:0:0:
448,192,1088,1,0,0:0:0:0:
192,192,1088,1,0,0:0:0:0:
192,192,1536,1,0,0:0:0:0:
64,192,1760,1,0,0:0:0:0:
448,192,1760,1,0,0:0:0:0:
320,192,1984,1,0,0:0:0:0:
64,192,2208,1,0,0:0:0:0:
192,192,2208,1,0,0:0:0:0:
448,192,2431,1,0,0:0:0:0:
192,192,2655,1,0,0:0:0:0:
64,192,2879,1,0,0:0:0:0:
320,192,2879,1,0,0:0:0:0:
448,192,3999,1,0,0:0:0:0:
192,192,3999,1,0,0:0:0:0:
64,192,4222,1,0,0:0:0:0:
192,192,4446,1,0,0:0:0:0:
448,192,4670,1,0,0:0:0:0:
320,192,4670,1,0,0:0:0:0:
192,192,4782,1,0,0:0:0:0:
64,192,4782,1,0,0:0:0:0:
448,192,4894,1,0,0:0:0:0:
320,192,4894,1,0,0:0:0:0:
192,192,5118,1,0,0:0:0:0:
448,192,5342,1,0,0:0:0:0:
64,192,5342,1,0,0:0:0:0:
320,192,5566,1,0,0:0:0:0:
64,192,5790,1,0,0:0:0:0:
192,192,5790,1,0,0:0:0:0:
448,192,6014,1,0,0:0:0:0:
320,192,6237,1,0,0:0:0:0:
192,192,6461,1,0,0:0:0:0:
64,192,6461,1,0,0:0:0:0:
64,192,6685,1,0,0:0:0:0:
448,192,6685,1,0,0:0:0:0:
320,192,6909,1,0,0:0:0:0:
192,192,7133,1,0,0:0:0:0:
448,192,7357,1,0,0:0:0:0:
64,192,7581,1,0,0:0:0:0:
320,192,7581,1,0,0:0:0:0:
192,192,7805,1,0,0:0:0:0:
448,192,8028,1,0,0:0:0:0:
64,192,8252,1,0,0:0:0:0:
320,192,8252,1,0,0:0:0:0:
320,192,8700,1,0,0:0:0:0:
448,192,8924,1,0,0:0:0:0:
64,192,8924,1,0,0:0:0:0:
192,192,9148,1,0,0:0:0:0:
64,192,9372,1,0,0:0:0:0:
320,192,9372,1,0,0:0:0:0:
448,192,9596,1,0,0:0:0:0:
192,192,9819,1,0,0:0:0:0:
64,192,10043,1,0,0:0:0:0:
320,192,10043,1,0,0:0:0:0:
192,192,10491,1,0,0:0:0:0:
320,192,10715,1,0,0:0:0:0:
448,192,10715,1,0,0:0:0:0:
64,192,10939,1,0,0:0:0:0:
448,192,11163,1,0,0:0:0:0:
192,192,11163,1,0,0:0:0:0:
320,192,11387,1,0,0:0:0:0:
192,192,11611,1,0,0:0:0:0:
64,192,11834,5,0,0:0:0:0:
448,192,12058,1,0,0:0:0:0:
192,192,12282,1,0,0:0:0:0:
320,192,12506,1,0,0:0:0:0:
64,192,12730,1,0,0:0:0:0:
320,192,12954,5,0,0:0:0:0:
448,192,12954,1,0,0:0:0:0:
320,192,14521,5,0,0:0:0:0:
192,192,14521,1,0,0:0:0:0:
320,192,14633,1,0,0:0:0:0:
192,192,14633,1,0,0:0:0:0:
64,192,14745,1,0,0:0:0:0:
448,192,14745,1,0,0:0:0:0:
320,192,14857,1,0,0:0:0:0:
192,192,14857,1,0,0:0:0:0:
64,192,14969,1,0,0:0:0:0:
448,192,14969,1,0,0:0:0:0:
320,192,15081,1,0,0:0:0:0:
192,192,15081,1,0,0:0:0:0:
448,192,15193,1,0,0:0:0:0:
64,192,15193,1,0,0:0:0:0:
320,192,15417,1,0,0:0:0:0:
192,192,15417,1,0,0:0:0:0:
320,192,15528,1,0,0:0:0:0:
192,192,15528,1,0,0:0:0:0:
448,192,15640,1,0,0:0:0:0:
64,192,15640,1,0,0:0:0:0:
320,192,15752,1,0,0:0:0:0:
192,192,15752,1,0,0:0:0:0:
320,192,15864,1,0,0:0:0:0:
192,192,15864,1,0,0:0:0:0:
448,192,16088,1,0,0:0:0:0:
64,192,16088,1,0,0:0:0:0:
192,192,16200,1,0,0:0:0:0:
320,192,16200,1,0,0:0:0:0:
320,192,16312,1,0,0:0:0:0:
192,192,16312,1,0,0:0:0:0:
320,192,16424,1,0,0:0:0:0:
192,192,16424,1,0,0:0:0:0:
448,192,16536,1,0,0:0:0:0:
64,192,16536,1,0,0:0:0:0:
320,192,16592,1,0,0:0:0:0:
192,192,16648,1,0,0:0:0:0:
64,192,16704,1,0,0:0:0:0:
320,192,16760,1,0,0:0:0:0:
192,192,16816,1,0,0:0:0:0:
448,192,16872,1,0,0:0:0:0:
320,192,16928,1,0,0:0:0:0:
64,192,16984,1,0,0:0:0:0:
448,192,17040,1,0,0:0:0:0:
192,192,17096,1,0,0:0:0:0:
64,192,17152,1,0,0:0:0:0:
320,192,17208,1,0,0:0:0:0:
192,192,17264,1,0,0:0:0:0:
448,192,17319,1,0,0:0:0:0:
64,192,17375,1,0,0:0:0:0:
320,192,17431,1,0,0:0:0:0:
192,192,17487,1,0,0:0:0:0:
64,192,17543,1,0,0:0:0:0:
448,192,17599,1,0,0:0:0:0:
192,192,17655,1,0,0:0:0:0:
320,192,17711,1,0,0:0:0:0:
448,192,17767,1,0,0:0:0:0:
64,192,17823,1,0,0:0:0:0:
192,192,17879,1,0,0:0:0:0:
320,192,17935,1,0,0:0:0:0:
448,192,17991,1,0,0:0:0:0:
192,192,18047,1,0,0:0:0:0:
64,192,18103,1,0,0:0:0:0:
192,192,18159,1,0,0:0:0:0:
320,192,18215,1,0,0:0:0:0:
192,192,18271,1,0,0:0:0:0:
320,192,18327,128,0,18551:0:0:0:0:
64,192,18327,128,0,19558:0:0:0:0:
448,192,18327,1,0,0:0:0:0:
192,192,18439,128,0,18663:0:0:0:0:
448,192,18551,128,0,18663:0:0:0:0:
320,192,18663,128,0,18775:0:0:0:0:
192,192,18775,128,0,18999:0:0:0:0:
448,192,18775,1,0,0:0:0:0:
320,192,18887,128,0,19111:0:0:0:0:
448,192,18999,128,0,19111:0:0:0:0:
192,192,19111,128,0,19222:0:0:0:0:
320,192,19222,128,0,19446:0:0:0:0:
448,192,19222,1,0,0:0:0:0:
192,192,19334,128,0,19558:0:0:0:0:
448,192,19446,128,0,19558:0:0:0:0:
320,192,19558,128,0,19670:0:0:0:0:
448,192,19670,128,0,20006:0:0:0:0:
64,192,19670,128,0,19894:0:0:0:0:
192,192,19670,1,0,0:0:0:0:
320,192,19782,128,0,20006:0:0:0:0:
192,192,19894,128,0,20230:0:0:0:0:
64,192,20006,128,0,20118:0:0:0:0:
320,192,20118,128,0,20342:0:0:0:0:
448,192,20118,1,0,0:0:0:0:
64,192,20230,128,0,20622:0:0:0:0:
192,192,20342,128,0,20566:0:0:0:0:
320,192,20454,128,0,20510:0:0:0:0:
448,192,20566,1,0,0:0:0:0:
320,192,20622,128,0,20902:0:0:0:0:
192,192,20678,128,0,20958:0:0:0:0:
64,192,20790,128,0,21014:0:0:0:0:
448,192,20790,1,0,0:0:0:0:
320,192,21014,1,0,0:0:0:0:
192,192,21069,128,0,21405:0:0:0:0:
64,192,21125,128,0,21349:0:0:0:0:
320,192,21237,128,0,21461:0:0:0:0:
448,192,21237,1,0,0:0:0:0:
64,192,21461,1,0,0:0:0:0:
192,192,21517,128,0,21685:0:0:0:0:
320,192,21573,128,0,21797:0:0:0:0:
64,192,21685,128,0,21797:0:0:0:0:
448,192,21685,128,0,21797:0:0:0:0:
192,192,21797,1,0,0:0:0:0:
192,192,21909,128,0,22133:0:0:0:0:
448,192,21909,128,0,23140:0:0:0:0:
64,192,21909,1,0,0:0:0:0:
320,192,22021,128,0,22245:0:0:0:0:
64,192,22133,128,0,22245:0:0:0:0:
192,192,22245,128,0,22357:0:0:0:0:
320,192,22357,128,0,22581:0:0:0:0:
64,192,22357,1,0,0:0:0:0:
192,192,22469,128,0,22693:0:0:0:0:
64,192,22581,128,0,22693:0:0:0:0:
320,192,22693,128,0,22805:0:0:0:0:
192,192,22805,128,0,23028:0:0:0:0:
64,192,22805,1,0,0:0:0:0:
320,192,22917,128,0,23140:0:0:0:0:
64,192,23028,128,0,23140:0:0:0:0:
192,192,23140,128,0,23252:0:0:0:0:
448,192,23252,128,0,23476:0:0:0:0:
64,192,23252,128,0,23476:0:0:0:0:
320,192,23252,1,0,0:0:0:0:
192,192,23364,128,0,23588:0:0:0:0:
320,192,23476,128,0,23812:0:0:0:0:
448,192,23588,128,0,23700:0:0:0:0:
64,192,23700,1,0,0:0:0:0:
192,192,23700,128,0,23924:0:0:0:0:
448,192,23812,128,0,24204:0:0:0:0:
320,192,23924,128,0,24148:0:0:0:0:
192,192,24036,128,0,24092:0:0:0:0:
64,192,24148,1,0,0:0:0:0:
192,192,24204,128,0,24484:0:0:0:0:
320,192,24260,128,0,24540:0:0:0:0:
448,192,24372,128,0,24596:0:0:0:0:
64,192,24484,1,0,0:0:0:0:
64,192,24596,1,0,0:0:0:0:
320,192,24652,128,0,24987:0:0:0:0:
448,192,24708,128,0,24931:0:0:0:0:
64,192,24819,1,0,0:0:0:0:
192,192,24819,128,0,25043:0:0:0:0:
448,192,25043,1,0,0:0:0:0:
320,192,25099,128,0,25267:0:0:0:0:
192,192,25155,128,0,25379:0:0:0:0:
64,192,25267,128,0,25379:0:0:0:0:
448,192,25267,128,0,25379:0:0:0:0:
320,192,25379,1,0,0:0:0:0:
192,192,25491,128,0,25715:0:0:0:0:
64,192,25491,1,0,0:0:0:0:
448,192,25491,1,0,0:0:0:0:
320,192,25603,128,0,25827:0:0:0:0:
64,192,25715,128,0,26499:0:0:0:0:
448,192,25715,1,0,0:0:0:0:
192,192,25827,1,0,0:0:0:0:
320,192,25939,128,0,26163:0:0:0:0:
448,192,25939,1,0,0:0:0:0:
192,192,26051,128,0,26275:0:0:0:0:
448,192,26163,1,0,0:0:0:0:
320,192,26275,1,0,0:0:0:0:
192,192,26387,128,0,26611:0:0:0:0:
448,192,26387,1,0,0:0:0:0:
320,192,26499,128,0,26722:0:0:0:0:
64,192,26611,128,0,26722:0:0:0:0:
448,192,26611,1,0,0:0:0:0:
192,192,26722,1,0,0:0:0:0:
448,192,26834,128,0,27170:0:0:0:0:
320,192,26834,128,0,27170:0:0:0:0:
64,192,26834,1,0,0:0:0:0:
192,192,26946,128,0,27170:0:0:0:0:
64,192,27058,128,0,27170:0:0:0:0:
320,192,27282,128,0,27506:0:0:0:0:
448,192,27282,1,0,0:0:0:0:
64,192,27282,1,0,0:0:0:0:
192,192,27394,128,0,27618:0:0:0:0:
64,192,27506,1,0,0:0:0:0:
448,192,27506,128,0,28290:0:0:0:0:
320,192,27618,1,0,0:0:0:0:
192,192,27730,128,0,27954:0:0:0:0:
64,192,27730,1,0,0:0:0:0:
320,192,27842,128,0,28066:0:0:0:0:
64,192,27954,1,0,0:0:0:0:
192,192,28066,1,0,0:0:0:0:
320,192,28178,128,0,28402:0:0:0:0:
64,192,28178,1,0,0:0:0:0:
192,192,28290,128,0,28514:0:0:0:0:
448,192,28402,128,0,28514:0:0:0:0:
64,192,28402,1,0,0:0:0:0:
320,192,28514,1,0,0:0:0:0:
192,192,28625,128,0,28849:0:0:0:0:
448,192,28625,1,0,0:0:0:0:
64,192,28625,1,0,0:0:0:0:
320,192,28737,128,0,28849:0:0:0:0:
64,192,28849,128,0,29129:0:0:0:0:
448,192,28849,1,0,0:0:0:0:
192,192,28961,128,0,29073:0:0:0:0:
320,192,28961,1,0,0:0:0:0:
448,192,29073,1,0,0:0:0:0:
320,192,29129,1,0,0:0:0:0:
192,192,29185,1,0,0:0:0:0:
64,192,29241,1,0,0:0:0:0:
320,192,29297,128,0,29521:0:0:0:0:
448,192,29297,128,0,29409:0:0:0:0:
192,192,29409,128,0,29633:0:0:0:0:
448,192,29521,128,0,29857:0:0:0:0:
64,192,29521,128,0,29633:0:0:0:0:
320,192,29633,128,0,29745:0:0:0:0:
192,192,29745,128,0,29969:0:0:0:0:
64,192,29745,128,0,29857:0:0:0:0:
320,192,29857,128,0,30081:0:0:0:0:
64,192,29969,128,0,30305:0:0:0:0:
448,192,29969,128,0,30081:0:0:0:0:
192,192,30081,128,0,30193:0:0:0:0:
320,192,30193,128,0,30417:0:0:0:0:
448,192,30193,128,0,30305:0:0:0:0:
192,192,30305,128,0,30528:0:0:0:0:
448,192,30417,128,0,30752:0:0:0:0:
64,192,30417,128,0,30528:0:0:0:0:
320,192,30528,128,0,30640:0:0:0:0:
64,192,30640,128,0,30752:0:0:0:0:
192,192,30640,128,0,30752:0:0:0:0:
320,192,30752,128,0,30864:0:0:0:0:
192,192,30864,1,0,0:0:0:0:
448,192,30864,128,0,31088:0:0:0:0:
64,192,30864,128,0,31088:0:0:0:0:
320,192,30976,128,0,31200:0:0:0:0:
192,192,31088,128,0,31200:0:0:0:0:
448,192,31200,128,0,31424:0:0:0:0:
64,192,31200,1,0,0:0:0:0:
192,192,31312,1,0,0:0:0:0:
320,192,31312,128,0,31424:0:0:0:0:
64,192,31424,128,0,31648:0:0:0:0:
448,192,31536,5,0,0:0:0:0:
192,192,31536,1,0,0:0:0:0:
320,192,31536,1,0,0:0:0:0:
448,192,31648,128,0,31872:0:0:0:0:
320,192,31760,1,0,0:0:0:0:
192,192,31760,1,0,0:0:0:0:
64,192,31760,1,0,0:0:0:0:
64,192,31872,128,0,32096:0:0:0:0:
192,192,31984,1,0,0:0:0:0:
448,192,31984,1,0,0:0:0:0:
320,192,31984,1,0,0:0:0:0:
448,192,32096,128,0,32543:0:0:0:0:
64,192,32208,128,0,32543:0:0:0:0:
192,192,32208,128,0,32543:0:0:0:0:
320,192,32208,128,0,32543:0:0:0:0:
64,192,32655,5,0,0:0:0:0:
448,192,32655,1,0,0:0:0:0:
320,192,32655,128,0,33439:0:0:0:0:
448,192,32991,128,0,33215:0:0:0:0:
64,192,33103,1,0,0:0:0:0:
448,192,33327,128,0,33887:0:0:0:0:
320,192,33551,128,0,33663:0:0:0:0:
64,192,33551,1,0,0:0:0:0:
320,192,33775,128,0,34670:0:0:0:0:
448,192,33999,128,0,34111:0:0:0:0:
64,192,33999,1,0,0:0:0:0:
448,192,34222,128,0,34334:0:0:0:0:
448,192,34446,128,0,35678:0:0:0:0:
64,192,34446,1,0,0:0:0:0:
320,192,34782,128,0,35006:0:0:0:0:
64,192,34894,1,0,0:0:0:0:
320,192,35118,128,0,35230:0:0:0:0:
320,192,35342,128,0,36573:0:0:0:0:
64,192,35342,1,0,0:0:0:0:
448,192,35790,128,0,35902:0:0:0:0:
64,192,35790,1,0,0:0:0:0:
448,192,36014,128,0,36125:0:0:0:0:
64,192,36014,1,0,0:0:0:0:
448,192,36237,128,0,37021:0:0:0:0:
64,192,36237,1,0,0:0:0:0:
320,192,36685,128,0,37245:0:0:0:0:
64,192,36685,1,0,0:0:0:0:
448,192,37133,128,0,37469:0:0:0:0:
64,192,37133,1,0,0:0:0:0:
320,192,37357,128,0,37693:0:0:0:0:
448,192,37581,128,0,38252:0:0:0:0:
64,192,37581,1,0,0:0:0:0:
320,192,37805,128,0,37917:0:0:0:0:
320,192,38028,128,0,39708:0:0:0:0:
64,192,38028,1,0,0:0:0:0:
448,192,38364,128,0,38588:0:0:0:0:
64,192,38476,1,0,0:0:0:0:
448,192,38700,128,0,38812:0:0:0:0:
64,192,38812,1,0,0:0:0:0:
448,192,38924,128,0,39708:0:0:0:0:
64,192,38924,1,0,0:0:0:0:
64,192,39148,1,0,0:0:0:0:
64,192,39372,1,0,0:0:0:0:
64,192,39596,1,0,0:0:0:0:
64,192,39708,1,0,0:0:0:0:
192,192,39819,128,0,40603:0:0:0:0:
64,192,39819,1,0,0:0:0:0:
448,192,39819,1,0,0:0:0:0:
64,192,40267,128,0,40379:0:0:0:0:
448,192,40267,1,0,0:0:0:0:
64,192,40491,128,0,40715:0:0:0:0:
192,192,40715,128,0,40939:0:0:0:0:
448,192,40715,1,0,0:0:0:0:
64,192,40827,128,0,41499:0:0:0:0:
192,192,41051,128,0,41946:0:0:0:0:
448,192,41163,1,0,0:0:0:0:
64,192,41611,128,0,42394:0:0:0:0:
448,192,41611,1,0,0:0:0:0:
192,192,42058,128,0,42170:0:0:0:0:
448,192,42058,1,0,0:0:0:0:
192,192,42282,128,0,42506:0:0:0:0:
64,192,42506,128,0,42730:0:0:0:0:
448,192,42506,1,0,0:0:0:0:
192,192,42618,128,0,43066:0:0:0:0:
64,192,42842,128,0,43737:0:0:0:0:
448,192,42954,1,0,0:0:0:0:
192,192,43178,128,0,43290:0:0:0:0:
448,192,43178,1,0,0:0:0:0:
192,192,43402,128,0,44185:0:0:0:0:
448,192,43402,1,0,0:0:0:0:
64,192,43849,128,0,44409:0:0:0:0:
448,192,43849,1,0,0:0:0:0:
192,192,44297,128,0,44633:0:0:0:0:
448,192,44297,1,0,0:0:0:0:
64,192,44521,128,0,44857:0:0:0:0:
192,192,44745,128,0,45081:0:0:0:0:
448,192,44745,1,0,0:0:0:0:
64,192,44969,128,0,45417:0:0:0:0:
192,192,45193,128,0,45752:0:0:0:0:
448,192,45193,1,0,0:0:0:0:
64,192,45528,128,0,46424:0:0:0:0:
448,192,45640,1,0,0:0:0:0:
192,192,45864,128,0,45976:0:0:0:0:
448,192,45976,1,0,0:0:0:0:
192,192,46088,128,0,46872:0:0:0:0:
448,192,46088,1,0,0:0:0:0:
448,192,46312,1,0,0:0:0:0:
64,192,46536,128,0,46648:0:0:0:0:
448,192,46536,1,0,0:0:0:0:
64,192,46760,128,0,46872:0:0:0:0:
448,192,46760,1,0,0:0:0:0:
448,192,46872,1,0,0:0:0:0:
448,192,46984,128,0,47208:0:0:0:0:
64,192,46984,128,0,47319:0:0:0:0:
192,192,46984,1,0,0:0:0:0:
320,192,47096,128,0,47319:0:0:0:0:
192,192,47208,128,0,47319:0:0:0:0:
448,192,47319,128,0,47431:0:0:0:0:
192,192,47431,1,0,0:0:0:0:
320,192,47431,128,0,47543:0:0:0:0:
64,192,47431,128,0,47767:0:0:0:0:
448,192,47543,128,0,47767:0:0:0:0:
192,192,47655,128,0,47767:0:0:0:0:
320,192,47655,128,0,47767:0:0:0:0:
192,192,47879,128,0,48215:0:0:0:0:
64,192,47879,128,0,48103:0:0:0:0:
448,192,47991,128,0,48215:0:0:0:0:
320,192,48103,128,0,48215:0:0:0:0:
64,192,48215,128,0,48327:0:0:0:0:
192,192,48327,1,0,0:0:0:0:
320,192,48327,1,0,0:0:0:0:
448,192,48327,128,0,48663:0:0:0:0:
64,192,48439,128,0,48663:0:0:0:0:
320,192,48551,128,0,48663:0:0:0:0:
192,192,48551,128,0,48663:0:0:0:0:
192,192,48775,128,0,48999:0:0:0:0:
320,192,48775,128,0,49111:0:0:0:0:
64,192,48887,128,0,49111:0:0:0:0:
448,192,48999,128,0,49111:0:0:0:0:
192,192,49111,128,0,49222:0:0:0:0:
448,192,49222,1,0,0:0:0:0:
320,192,49222,128,0,49558:0:0:0:0:
64,192,49222,128,0,49334:0:0:0:0:
192,192,49334,128,0,49558:0:0:0:0:
448,192,49446,128,0,49558:0:0:0:0:
64,192,49446,128,0,49558:0:0:0:0:
64,192,49670,1,0,0:0:0:0:
192,192,49670,1,0,0:0:0:0:
448,192,49670,128,0,50230:0:0:0:0:
64,192,49782,128,0,50006:0:0:0:0:
192,192,49782,128,0,50006:0:0:0:0:
320,192,49894,128,0,50006:0:0:0:0:
64,192,50118,1,0,0:0:0:0:
320,192,50118,1,0,0:0:0:0:
192,192,50118,128,0,50454:0:0:0:0:
64,192,50342,1,0,0:0:0:0:
320,192,50342,1,0,0:0:0:0:
448,192,50342,128,0,50454:0:0:0:0:
64,192,50566,128,0,50790:0:0:0:0:
448,192,50566,128,0,50902:0:0:0:0:
320,192,50566,1,0,0:0:0:0:
192,192,50678,128,0,50902:0:0:0:0:
320,192,50790,128,0,50902:0:0:0:0:
64,192,50902,128,0,51014:0:0:0:0:
320,192,51014,1,0,0:0:0:0:
192,192,51014,128,0,51125:0:0:0:0:
448,192,51014,128,0,51349:0:0:0:0:
64,192,51125,128,0,51349:0:0:0:0:
320,192,51237,128,0,51349:0:0:0:0:
192,192,51237,128,0,51349:0:0:0:0:
320,192,51461,128,0,51797:0:0:0:0:
448,192,51461,128,0,51685:0:0:0:0:
64,192,51573,128,0,51797:0:0:0:0:
192,192,51685,128,0,51797:0:0:0:0:
448,192,51797,128,0,51909:0:0:0:0:
320,192,51909,1,0,0:0:0:0:
192,192,51909,1,0,0:0:0:0:
64,192,51909,128,0,52245:0:0:0:0:
448,192,52021,128,0,52245:0:0:0:0:
192,192,52133,128,0,52245:0:0:0:0:
320,192,52133,128,0,52245:0:0:0:0:
320,192,52357,128,0,52581:0:0:0:0:
192,192,52357,128,0,52693:0:0:0:0:
448,192,52469,128,0,52693:0:0:0:0:
64,192,52581,128,0,52693:0:0:0:0:
320,192,52693,128,0,52805:0:0:0:0:
64,192,52805,1,0,0:0:0:0:
192,192,52805,128,0,53140:0:0:0:0:
448,192,52805,128,0,53028:0:0:0:0:
320,192,52917,128,0,53028:0:0:0:0:
64,192,53028,128,0,53140:0:0:0:0:
320,192,53140,1,0,0:0:0:0:
448,192,53140,1,0,0:0:0:0:
448,192,53252,1,0,0:0:0:0:
320,192,53252,1,0,0:0:0:0:
64,192,53252,128,0,54036:0:0:0:0:
192,192,53364,128,0,53588:0:0:0:0:
320,192,53476,128,0,53588:0:0:0:0:
448,192,53476,128,0,53588:0:0:0:0:
448,192,53700,1,0,0:0:0:0:
320,192,53700,1,0,0:0:0:0:
192,192,53700,128,0,54036:0:0:0:0:
448,192,53924,1,0,0:0:0:0:
320,192,53924,1,0,0:0:0:0:
320,192,54036,1,0,0:0:0:0:
448,192,54036,1,0,0:0:0:0:
64,192,54148,128,0,54484:0:0:0:0:
192,192,54148,1,0,0:0:0:0:
320,192,54260,128,0,54372:0:0:0:0:
192,192,54372,128,0,54596:0:0:0:0:
448,192,54372,128,0,54484:0:0:0:0:
320,192,54484,128,0,54931:0:0:0:0:
448,192,54596,128,0,54708:0:0:0:0:
64,192,54596,1,0,0:0:0:0:
192,192,54708,128,0,54819:0:0:0:0:
64,192,54819,128,0,55379:0:0:0:0:
448,192,54819,128,0,54931:0:0:0:0:
192,192,54931,128,0,55043:0:0:0:0:
448,192,55043,128,0,55379:0:0:0:0:
320,192,55043,1,0,0:0:0:0:
320,192,55267,128,0,55827:0:0:0:0:
192,192,55267,128,0,55379:0:0:0:0:
448,192,55491,128,0,55827:0:0:0:0:
64,192,55491,1,0,0:0:0:0:
192,192,55491,1,0,0:0:0:0:
192,192,55715,128,0,55827:0:0:0:0:
64,192,55715,128,0,55827:0:0:0:0:
448,192,55939,128,0,56275:0:0:0:0:
320,192,55939,1,0,0:0:0:0:
192,192,56051,128,0,56163:0:0:0:0:
320,192,56163,128,0,56387:0:0:0:0:
64,192,56163,128,0,56275:0:0:0:0:
192,192,56275,128,0,56722:0:0:0:0:
64,192,56387,128,0,56499:0:0:0:0:
448,192,56387,1,0,0:0:0:0:
320,192,56499,128,0,56611:0:0:0:0:
448,192,56611,128,0,57170:0:0:0:0:
64,192,56611,1,0,0:0:0:0:
320,192,56722,128,0,56834:0:0:0:0:
64,192,56834,1,0,0:0:0:0:
192,192,56834,1,0,0:0:0:0:
192,192,56946,128,0,57170:0:0:0:0:
64,192,56946,128,0,57170:0:0:0:0:
320,192,57058,128,0,57170:0:0:0:0:
448,192,57282,1,0,0:0:0:0:
64,192,57282,1,0,0:0:0:0:
320,192,57282,128,0,57618:0:0:0:0:
192,192,57506,1,0,0:0:0:0:
448,192,57506,1,0,0:0:0:0:
64,192,57506,128,0,57618:0:0:0:0:
448,192,57730,128,0,57954:0:0:0:0:
320,192,57730,1,0,0:0:0:0:
64,192,57730,128,0,58514:0:0:0:0:
192,192,57842,128,0,57954:0:0:0:0:
320,192,57954,128,0,58066:0:0:0:0:
448,192,58066,128,0,58178:0:0:0:0:
192,192,58178,128,0,58402:0:0:0:0:
320,192,58178,1,0,0:0:0:0:
448,192,58290,128,0,58514:0:0:0:0:
320,192,58402,128,0,58625:0:0:0:0:
192,192,58514,128,0,58737:0:0:0:0:
448,192,58625,128,0,59409:0:0:0:0:
64,192,58625,128,0,58849:0:0:0:0:
320,192,58737,128,0,58849:0:0:0:0:
192,192,58849,128,0,58961:0:0:0:0:
64,192,58961,128,0,59073:0:0:0:0:
320,192,59073,128,0,59297:0:0:0:0:
192,192,59073,1,0,0:0:0:0:
64,192,59185,128,0,59409:0:0:0:0:
192,192,59297,128,0,59521:0:0:0:0:
320,192,59409,128,0,59521:0:0:0:0:
448,192,59521,128,0,59633:0:0:0:0:
64,192,59521,128,0,59633:0:0:0:0:
320,192,59633,1,0,0:0:0:0:
192,192,59633,1,0,0:0:0:0:
448,192,59745,128,0,59857:0:0:0:0:
64,192,59745,128,0,59857:0:0:0:0:
192,192,59857,1,0,0:0:0:0:
320,192,59857,1,0,0:0:0:0:
192,192,59969,128,0,60081:0:0:0:0:
320,192,59969,128,0,60081:0:0:0:0:
448,192,60081,1,0,0:0:0:0:
64,192,60081,1,0,0:0:0:0:
448,192,60193,128,0,60305:0:0:0:0:
64,192,60193,128,0,60305:0:0:0:0:
320,192,60305,1,0,0:0:0:0:
192,192,60305,1,0,0:0:0:0:
448,192,60417,5,0,0:0:0:0:
64,192,60417,1,0,0:0:0:0:
320,192,60472,1,0,0:0:0:0:
192,192,60528,1,0,0:0:0:0:
64,192,60584,1,0,0:0:0:0:
320,192,60640,1,0,0:0:0:0:
448,192,60696,1,0,0:0:0:0:
320,192,60752,1,0,0:0:0:0:
192,192,60808,1,0,0:0:0:0:
64,192,60864,1,0,0:0:0:0:
320,192,60920,1,0,0:0:0:0:
192,192,60976,1,0,0:0:0:0:
448,192,61032,1,0,0:0:0:0:
320,192,61088,1,0,0:0:0:0:
192,192,61144,1,0,0:0:0:0:
64,192,61200,1,0,0:0:0:0:
448,192,61200,1,0,0:0:0:0:
64,192,61312,1,0,0:0:0:0:
192,192,61312,128,0,61424:0:0:0:0:
320,192,61368,128,0,61536:0:0:0:0:
448,192,61424,128,0,61984:0:0:0:0:
192,192,61536,128,0,61592:0:0:0:0:
320,192,61648,128,0,61760:0:0:0:0:
192,192,61704,128,0,61872:0:0:0:0:
64,192,61760,128,0,62208:0:0:0:0:
320,192,61872,128,0,61928:0:0:0:0:
192,192,61984,128,0,62152:0:0:0:0:
320,192,62040,1,0,0:0:0:0:
448,192,62096,128,0,62543:0:0:0:0:
320,192,62208,128,0,62319:0:0:0:0:
192,192,62264,128,0,62431:0:0:0:0:
64,192,62319,128,0,62879:0:0:0:0:
320,192,62431,1,0,0:0:0:0:
192,192,62543,128,0,62655:0:0:0:0:
320,192,62599,128,0,62767:0:0:0:0:
448,192,62655,128,0,63103:0:0:0:0:
192,192,62767,128,0,62823:0:0:0:0:
320,192,62879,128,0,63047:0:0:0:0:
192,192,62935,1,0,0:0:0:0:
64,192,62991,128,0,63439:0:0:0:0:
192,192,63103,128,0,63215:0:0:0:0:
320,192,63159,128,0,63327:0:0:0:0:
448,192,63215,128,0,63663:0:0:0:0:
192,192,63327,1,0,0:0:0:0:
320,192,63439,128,0,63551:0:0:0:0:
192,192,63495,128,0,63663:0:0:0:0:
64,192,63551,128,0,63887:0:0:0:0:
320,192,63663,1,0,0:0:0:0:
320,192,63775,128,0,63999:0:0:0:0:
448,192,63775,1,0,0:0:0:0:
192,192,63887,1,0,0:0:0:0:
448,192,63999,1,0,0:0:0:0:
64,192,63999,128,0,64111:0:0:0:0:
192,192,64055,128,0,64222:0:0:0:0:
320,192,64111,128,0,64334:0:0:0:0:
448,192,64222,128,0,64558:0:0:0:0:
64,192,64222,1,0,0:0:0:0:
320,192,64446,1,0,0:0:0:0:
64,192,64446,128,0,64838:0:0:0:0:
192,192,64446,1,0,0:0:0:0:
448,192,64670,1,0,0:0:0:0:
192,192,64670,128,0,64782:0:0:0:0:
320,192,64670,1,0,0:0:0:0:
448,192,64894,1,0,0:0:0:0:
320,192,64894,128,0,65006:0:0:0:0:
192,192,64950,128,0,65118:0:0:0:0:
64,192,65006,128,0,65566:0:0:0:0:
320,192,65118,128,0,65174:0:0:0:0:
192,192,65230,128,0,65342:0:0:0:0:
320,192,65286,128,0,65454:0:0:0:0:
448,192,65342,128,0,65790:0:0:0:0:
192,192,65454,128,0,65510:0:0:0:0:
320,192,65566,128,0,65734:0:0:0:0:
192,192,65622,1,0,0:0:0:0:
64,192,65678,128,0,66125:0:0:0:0:
192,192,65790,128,0,65902:0:0:0:0:
320,192,65846,128,0,66014:0:0:0:0:
448,192,65902,128,0,66461:0:0:0:0:
192,192,66014,128,0,66069:0:0:0:0:
320,192,66125,128,0,66237:0:0:0:0:
192,192,66181,128,0,66349:0:0:0:0:
64,192,66237,128,0,66685:0:0:0:0:
320,192,66349,128,0,66405:0:0:0:0:
192,192,66461,128,0,66629:0:0:0:0:
320,192,66517,1,0,0:0:0:0:
448,192,66573,128,0,67021:0:0:0:0:
320,192,66685,128,0,66797:0:0:0:0:
192,192,66741,128,0,66909:0:0:0:0:
64,192,66797,128,0,67245:0:0:0:0:
320,192,66909,1,0,0:0:0:0:
192,192,67021,128,0,67133:0:0:0:0:
320,192,67077,128,0,67245:0:0:0:0:
448,192,67133,128,0,67469:0:0:0:0:
192,192,67245,1,0,0:0:0:0:
192,192,67357,128,0,67693:0:0:0:0:
64,192,67357,1,0,0:0:0:0:
320,192,67469,1,0,0:0:0:0:
448,192,67581,128,0,67917:0:0:0:0:
320,192,67581,1,0,0:0:0:0:
64,192,67581,1,0,0:0:0:0:
192,192,67805,128,0,67917:0:0:0:0:
320,192,67805,1,0,0:0:0:0:
64,192,67805,1,0,0:0:0:0:
64,192,68028,128,0,68364:0:0:0:0:
448,192,68028,1,0,0:0:0:0:
192,192,68028,1,0,0:0:0:0:
320,192,68252,128,0,68364:0:0:0:0:
448,192,68252,1,0,0:0:0:0:
192,192,68364,1,0,0:0:0:0:
64,192,68476,128,0,68700:0:0:0:0:
448,192,68476,128,0,68812:0:0:0:0:
320,192,68532,1,0,0:0:0:0:
192,192,68588,128,0,68924:0:0:0:0:
320,192,68700,128,0,68812:0:0:0:0:
64,192,68812,128,0,69036:0:0:0:0:
320,192,68924,128,0,69148:0:0:0:0:
448,192,68924,128,0,69036:0:0:0:0:
192,192,69036,128,0,69316:0:0:0:0:
64,192,69148,128,0,69260:0:0:0:0:
448,192,69148,128,0,69484:0:0:0:0:
320,192,69260,128,0,69372:0:0:0:0:
64,192,69372,128,0,69596:0:0:0:0:
192,192,69428,1,0,0:0:0:0:
320,192,69484,128,0,69708:0:0:0:0:
448,192,69596,1,0,0:0:0:0:
192,192,69596,128,0,69819:0:0:0:0:
64,192,69708,128,0,69931:0:0:0:0:
320,192,69819,1,0,0:0:0:0:
448,192,69819,128,0,70043:0:0:0:0:
192,192,69931,128,0,70211:0:0:0:0:
64,192,70043,1,0,0:0:0:0:
320,192,70043,128,0,70267:0:0:0:0:
448,192,70155,128,0,70323:0:0:0:0:
64,192,70267,128,0,70603:0:0:0:0:
192,192,70323,128,0,70491:0:0:0:0:
320,192,70379,1,0,0:0:0:0:
448,192,70435,128,0,70603:0:0:0:0:
320,192,70491,128,0,70715:0:0:0:0:
192,192,70603,128,0,70827:0:0:0:0:
64,192,70715,128,0,70827:0:0:0:0:
448,192,70715,128,0,70939:0:0:0:0:
320,192,70827,128,0,71163:0:0:0:0:
192,192,70939,128,0,71107:0:0:0:0:
64,192,70939,128,0,71051:0:0:0:0:
448,192,71051,128,0,71499:0:0:0:0:
64,192,71163,128,0,71275:0:0:0:0:
192,192,71219,1,0,0:0:0:0:
320,192,71275,128,0,71387:0:0:0:0:
192,192,71387,128,0,71499:0:0:0:0:
64,192,71387,128,0,71499:0:0:0:0:
320,192,71499,1,0,0:0:0:0:
192,192,71611,128,0,72058:0:0:0:0:
64,192,71611,1,0,0:0:0:0:
448,192,71611,1,0,0:0:0:0:
320,192,71834,128,0,72002:0:0:0:0:
448,192,71834,128,0,71946:0:0:0:0:
64,192,71946,128,0,72114:0:0:0:0:
448,192,72058,128,0,72170:0:0:0:0:
320,192,72114,128,0,72282:0:0:0:0:
192,192,72170,128,0,72394:0:0:0:0:
64,192,72226,128,0,73737:0:0:0:0:
448,192,72282,128,0,72394:0:0:0:0:
320,192,72394,128,0,72506:0:0:0:0:
448,192,72506,128,0,72730:0:0:0:0:
192,192,72506,128,0,72618:0:0:0:0:
320,192,72618,128,0,72842:0:0:0:0:
192,192,72730,128,0,72842:0:0:0:0:
448,192,72842,128,0,72954:0:0:0:0:
320,192,72954,128,0,73066:0:0:0:0:
192,192,72954,128,0,73178:0:0:0:0:
448,192,73066,128,0,73290:0:0:0:0:
320,192,73178,128,0,73290:0:0:0:0:
192,192,73290,128,0,73402:0:0:0:0:
448,192,73402,128,0,73625:0:0:0:0:
320,192,73402,128,0,73514:0:0:0:0:
192,192,73514,128,0,73737:0:0:0:0:
320,192,73625,128,0,73905:0:0:0:0:
448,192,73737,128,0,73849:0:0:0:0:
64,192,73849,1,0,0:0:0:0:
192,192,73849,128,0,73961:0:0:0:0:
64,192,74073,128,0,74409:0:0:0:0:
192,192,74073,1,0,0:0:0:0:
448,192,74185,1,0,0:0:0:0:
320,192,74185,1,0,0:0:0:0:
448,192,74297,128,0,74409:0:0:0:0:
192,192,74297,1,0,0:0:0:0:
320,192,74297,128,0,74409:0:0:0:0:
192,192,74521,128,0,74857:0:0:0:0:
448,192,74521,1,0,0:0:0:0:
64,192,74521,1,0,0:0:0:0:
448,192,74745,128,0,75081:0:0:0:0:
320,192,74745,1,0,0:0:0:0:
64,192,74745,1,0,0:0:0:0:
320,192,74969,1,0,0:0:0:0:
64,192,74969,128,0,75081:0:0:0:0:
192,192,74969,1,0,0:0:0:0:
64,192,75193,1,0,0:0:0:0:
448,192,75193,1,0,0:0:0:0:
192,192,75305,1,0,0:0:0:0:
320,192,75305,1,0,0:0:0:0:
448,192,75417,1,0,0:0:0:0:
64,192,75417,1,0,0:0:0:0:
320,192,75528,1,0,0:0:0:0:
192,192,75528,1,0,0:0:0:0:
448,192,75640,1,0,0:0:0:0:
64,192,75640,128,0,75976:0:0:0:0:
192,192,75696,1,0,0:0:0:0:
320,192,75752,128,0,75864:0:0:0:0:
448,192,75808,128,0,76088:0:0:0:0:
192,192,75864,128,0,75976:0:0:0:0:
320,192,75976,128,0,76312:0:0:0:0:
192,192,76088,128,0,76200:0:0:0:0:
64,192,76088,128,0,76200:0:0:0:0:
448,192,76200,128,0,76424:0:0:0:0:
64,192,76312,1,0,0:0:0:0:
192,192,76312,128,0,76536:0:0:0:0:
320,192,76424,128,0,76480:0:0:0:0:
448,192,76536,1,0,0:0:0:0:
320,192,76592,128,0,76760:0:0:0:0:
192,192,76648,128,0,76928:0:0:0:0:
64,192,76760,128,0,76872:0:0:0:0:
448,192,76760,128,0,77096:0:0:0:0:
320,192,76872,128,0,76984:0:0:0:0:
64,192,76984,1,0,0:0:0:0:
192,192,77040,128,0,77208:0:0:0:0:
320,192,77096,128,0,77375:0:0:0:0:
448,192,77208,128,0,77319:0:0:0:0:
64,192,77208,128,0,77487:0:0:0:0:
192,192,77319,128,0,77431:0:0:0:0:
448,192,77431,1,0,0:0:0:0:
320,192,77487,128,0,77823:0:0:0:0:
192,192,77543,128,0,77879:0:0:0:0:
64,192,77599,1,0,0:0:0:0:
448,192,77655,128,0,77767:0:0:0:0:
64,192,77767,128,0,77935:0:0:0:0:
448,192,77879,1,0,0:0:0:0:
320,192,77935,128,0,78271:0:0:0:0:
192,192,77991,1,0,0:0:0:0:
64,192,78047,128,0,78383:0:0:0:0:
448,192,78103,128,0,78215:0:0:0:0:
192,192,78159,128,0,78327:0:0:0:0:
448,192,78327,128,0,78663:0:0:0:0:
320,192,78383,1,0,0:0:0:0:
192,192,78439,128,0,78663:0:0:0:0:
64,192,78495,1,0,0:0:0:0:
320,192,78551,128,0,78663:0:0:0:0:
64,192,78663,128,0,78887:0:0:0:0:
448,192,78775,1,0,0:0:0:0:
192,192,78775,128,0,79111:0:0:0:0:
320,192,78775,128,0,78887:0:0:0:0:
320,192,78999,128,0,79111:0:0:0:0:
64,192,78999,128,0,79111:0:0:0:0:
448,192,78999,1,0,0:0:0:0:
448,192,79222,128,0,79558:0:0:0:0:
64,192,79222,1,0,0:0:0:0:
320,192,79278,1,0,0:0:0:0:
192,192,79334,1,0,0:0:0:0:
64,192,79390,128,0,80006:0:0:0:0:
320,192,79446,128,0,79502:0:0:0:0:
192,192,79558,128,0,79670:0:0:0:0:
320,192,79614,128,0,79782:0:0:0:0:
448,192,79670,128,0,80174:0:0:0:0:
192,192,79782,1,0,0:0:0:0:
320,192,79894,128,0,80118:0:0:0:0:
192,192,79950,128,0,80062:0:0:0:0:
64,192,80118,128,0,80454:0:0:0:0:
192,192,80174,1,0,0:0:0:0:
320,192,80230,1,0,0:0:0:0:
448,192,80286,128,0,80902:0:0:0:0:
192,192,80342,128,0,80398:0:0:0:0:
320,192,80454,128,0,80566:0:0:0:0:
192,192,80510,128,0,80678:0:0:0:0:
64,192,80566,128,0,81069:0:0:0:0:
320,192,80678,1,0,0:0:0:0:
192,192,80790,128,0,81014:0:0:0:0:
320,192,80846,128,0,80958:0:0:0:0:
448,192,81014,1,0,0:0:0:0:
320,192,81069,128,0,81349:0:0:0:0:
192,192,81125,1,0,0:0:0:0:
64,192,81181,128,0,81573:0:0:0:0:
448,192,81237,1,0,0:0:0:0:
192,192,81349,128,0,81573:0:0:0:0:
448,192,81461,128,0,81573:0:0:0:0:
320,192,81461,128,0,81573:0:0:0:0:
192,192,81685,1,0,0:0:0:0:
64,192,81685,1,0,0:0:0:0:
448,192,81797,1,0,0:0:0:0:
320,192,81797,1,0,0:0:0:0:
448,192,81909,128,0,82245:0:0:0:0:
64,192,81909,1,0,0:0:0:0:
320,192,82021,128,0,82245:0:0:0:0:
64,192,82133,128,0,82245:0:0:0:0:
192,192,82133,128,0,82245:0:0:0:0:
64,192,82357,128,0,82469:0:0:0:0:
320,192,82357,128,0,82469:0:0:0:0:
448,192,82357,128,0,82469:0:0:0:0:
448,192,82581,1,0,0:0:0:0:
64,192,82581,1,0,0:0:0:0:
192,192,82693,1,0,0:0:0:0:
320,192,82693,1,0,0:0:0:0:
448,192,82805,1,0,0:0:0:0:
64,192,82805,1,0,0:0:0:0:
192,192,82861,1,0,0:0:0:0:
320,192,82917,128,0,83140:0:0:0:0:
448,192,82972,128,0,84484:0:0:0:0:
64,192,83028,128,0,83140:0:0:0:0:
192,192,83140,128,0,83252:0:0:0:0:
64,192,83252,1,0,0:0:0:0:
320,192,83252,128,0,83476:0:0:0:0:
192,192,83364,128,0,83588:0:0:0:0:
64,192,83476,128,0,83588:0:0:0:0:
320,192,83588,128,0,83700:0:0:0:0:
64,192,83700,1,0,0:0:0:0:
192,192,83700,128,0,83924:0:0:0:0:
320,192,83812,128,0,84036:0:0:0:0:
64,192,83924,128,0,84036:0:0:0:0:
192,192,84036,128,0,84148:0:0:0:0:
320,192,84148,128,0,84372:0:0:0:0:
64,192,84148,1,0,0:0:0:0:
192,192,84260,128,0,84596:0:0:0:0:
64,192,84372,128,0,84652:0:0:0:0:
320,192,84484,128,0,84540:0:0:0:0:
448,192,84596,128,0,84931:0:0:0:0:
320,192,84652,1,0,0:0:0:0:
192,192,84708,1,0,0:0:0:0:
64,192,84764,128,0,86275:0:0:0:0:
320,192,84819,128,0,84931:0:0:0:0:
192,192,84931,128,0,85043:0:0:0:0:
320,192,85043,128,0,85267:0:0:0:0:
448,192,85043,1,0,0:0:0:0:
192,192,85155,128,0,85379:0:0:0:0:
448,192,85267,128,0,85379:0:0:0:0:
320,192,85379,128,0,85491:0:0:0:0:
448,192,85491,5,0,0:0:0:0:
192,192,85491,128,0,85715:0:0:0:0:
320,192,85603,128,0,85827:0:0:0:0:
448,192,85715,128,0,85827:0:0:0:0:
192,192,85827,128,0,85939:0:0:0:0:
448,192,85939,1,0,0:0:0:0:
320,192,85939,128,0,86163:0:0:0:0:
192,192,86051,128,0,86331:0:0:0:0:
448,192,86163,128,0,86443:0:0:0:0:
320,192,86275,128,0,86387:0:0:0:0:
64,192,86387,128,0,86722:0:0:0:0:
192,192,86443,1,0,0:0:0:0:
320,192,86499,128,0,86834:0:0:0:0:
192,192,86611,128,0,86722:0:0:0:0:
448,192,86611,128,0,86946:0:0:0:0:
192,192,86834,128,0,87058:0:0:0:0:
64,192,86834,128,0,86946:0:0:0:0:
320,192,86946,128,0,87170:0:0:0:0:
64,192,87058,128,0,87282:0:0:0:0:
448,192,87058,128,0,87170:0:0:0:0:
192,192,87170,128,0,87394:0:0:0:0:
448,192,87282,128,0,87506:0:0:0:0:
320,192,87282,128,0,87394:0:0:0:0:
64,192,87394,128,0,87618:0:0:0:0:
320,192,87506,128,0,87730:0:0:0:0:
192,192,87506,128,0,87618:0:0:0:0:
448,192,87618,128,0,87842:0:0:0:0:
192,192,87730,128,0,87954:0:0:0:0:
64,192,87730,128,0,87842:0:0:0:0:
320,192,87842,128,0,88066:0:0:0:0:
448,192,87954,128,0,88066:0:0:0:0:
64,192,87954,128,0,88066:0:0:0:0:
192,192,88066,128,0,88178:0:0:0:0:
64,192,88178,128,0,88402:0:0:0:0:
448,192,88178,128,0,88402:0:0:0:0:
320,192,88178,128,0,88290:0:0:0:0:
192,192,88290,128,0,88402:0:0:0:0:
320,192,88402,128,0,88514:0:0:0:0:
448,192,88514,128,0,88737:0:0:0:0:
64,192,88514,128,0,88737:0:0:0:0:
192,192,88514,128,0,88625:0:0:0:0:
320,192,88625,128,0,88737:0:0:0:0:
192,192,88737,128,0,88961:0:0:0:0:
320,192,88849,128,0,88961:0:0:0:0:
64,192,88849,128,0,88961:0:0:0:0:
448,192,88849,1,0,0:0:0:0:
448,192,88961,128,0,89185:0:0:0:0:
192,192,89073,128,0,89185:0:0:0:0:
320,192,89073,128,0,89185:0:0:0:0:
64,192,89073,1,0,0:0:0:0:
64,192,89185,128,0,89409:0:0:0:0:
192,192,89297,128,0,89465:0:0:0:0:
320,192,89297,128,0,89521:0:0:0:0:
448,192,89297,1,0,0:0:0:0:
448,192,89409,128,0,89577:0:0:0:0:
64,192,89521,128,0,89633:0:0:0:0:
192,192,89577,128,0,89689:0:0:0:0:
320,192,89633,128,0,89745:0:0:0:0:
448,192,89689,128,0,89801:0:0:0:0:
64,192,89745,1,0,0:0:0:0:
192,192,89801,1,0,0:0:0:0:
320,192,89857,1,0,0:0:0:0:
448,192,89913,1,0,0:0:0:0:
192,192,89969,1,0,0:0:0:0:
64,192,89969,128,0,90193:0:0:0:0:
320,192,90081,128,0,90305:0:0:0:0:
448,192,90193,128,0,90305:0:0:0:0:
192,192,90193,128,0,90305:0:0:0:0:
64,192,90305,128,0,90417:0:0:0:0:
448,192,90417,1,0,0:0:0:0:
320,192,90417,1,0,0:0:0:0:
192,192,90417,128,0,90640:0:0:0:0:
64,192,90528,128,0,90752:0:0:0:0:
320,192,90640,128,0,90752:0:0:0:0:
448,192,90640,128,0,90976:0:0:0:0:
192,192,90752,128,0,90864:0:0:0:0:
64,192,90864,1,0,0:0:0:0:
320,192,90864,128,0,91088:0:0:0:0:
192,192,90976,128,0,91200:0:0:0:0:
448,192,91088,128,0,91200:0:0:0:0:
64,192,91088,128,0,91200:0:0:0:0:
320,192,91200,128,0,91312:0:0:0:0:
64,192,91312,1,0,0:0:0:0:
448,192,91312,1,0,0:0:0:0:
192,192,91312,128,0,91536:0:0:0:0:
320,192,91424,128,0,91648:0:0:0:0:
448,192,91536,128,0,91648:0:0:0:0:
64,192,91536,128,0,91872:0:0:0:0:
192,192,91648,128,0,91760:0:0:0:0:
320,192,91760,1,0,0:0:0:0:
448,192,91760,128,0,92096:0:0:0:0:
192,192,91872,128,0,91984:0:0:0:0:
64,192,91984,128,0,92096:0:0:0:0:
320,192,91984,128,0,92152:0:0:0:0:
192,192,92096,128,0,92208:0:0:0:0:
448,192,92208,1,0,0:0:0:0:
64,192,92208,1,0,0:0:0:0:
320,192,92264,128,0,92319:0:0:0:0:
192,192,92319,128,0,92599:0:0:0:0:
320,192,92431,128,0,92655:0:0:0:0:
64,192,92431,128,0,92543:0:0:0:0:
448,192,92543,128,0,92711:0:0:0:0:
64,192,92655,1,0,0:0:0:0:
192,192,92711,128,0,92767:0:0:0:0:
320,192,92767,128,0,93047:0:0:0:0:
192,192,92879,128,0,93103:0:0:0:0:
448,192,92879,128,0,92991:0:0:0:0:
64,192,92991,128,0,93439:0:0:0:0:
448,192,93103,1,0,0:0:0:0:
320,192,93159,128,0,93215:0:0:0:0:
192,192,93215,128,0,93439:0:0:0:0:
320,192,93327,1,0,0:0:0:0:
448,192,93327,128,0,93439:0:0:0:0:
64,192,93551,1,0,0:0:0:0:
448,192,93551,128,0,93775:0:0:0:0:
320,192,93551,1,0,0:0:0:0:
192,192,93663,128,0,93887:0:0:0:0:
64,192,93775,128,0,93887:0:0:0:0:
320,192,93775,128,0,93887:0:0:0:0:
448,192,93887,128,0,93999:0:0:0:0:
64,192,93999,1,0,0:0:0:0:
192,192,93999,1,0,0:0:0:0:
320,192,93999,128,0,94222:0:0:0:0:
448,192,94111,128,0,94334:0:0:0:0:
192,192,94222,128,0,94390:0:0:0:0:
64,192,94222,128,0,94334:0:0:0:0:
320,192,94334,128,0,94446:0:0:0:0:
448,192,94446,1,0,0:0:0:0:
64,192,94446,128,0,94558:0:0:0:0:
192,192,94502,128,0,94670:0:0:0:0:
320,192,94558,128,0,94782:0:0:0:0:
448,192,94614,128,0,94782:0:0:0:0:
64,192,94670,128,0,94782:0:0:0:0:
192,192,94782,128,0,94894:0:0:0:0:
448,192,94894,1,0,0:0:0:0:
64,192,94894,1,0,0:0:0:0:
320,192,94894,128,0,95118:0:0:0:0:
192,192,95006,128,0,95230:0:0:0:0:
64,192,95118,128,0,95230:0:0:0:0:
448,192,95118,128,0,95454:0:0:0:0:
320,192,95230,128,0,95342:0:0:0:0:
192,192,95342,1,0,0:0:0:0:
64,192,95342,128,0,95678:0:0:0:0:
320,192,95454,128,0,95566:0:0:0:0:
192,192,95566,128,0,95734:0:0:0:0:
448,192,95566,128,0,95678:0:0:0:0:
320,192,95678,128,0,95790:0:0:0:0:
64,192,95790,1,0,0:0:0:0:
448,192,95790,1,0,0:0:0:0:
192,192,95846,128,0,95902:0:0:0:0:
320,192,95902,128,0,96181:0:0:0:0:
192,192,96014,128,0,96237:0:0:0:0:
64,192,96125,128,0,96293:0:0:0:0:
448,192,96125,1,0,0:0:0:0:
448,192,96237,1,0,0:0:0:0:
320,192,96293,128,0,96349:0:0:0:0:
192,192,96349,128,0,96629:0:0:0:0:
320,192,96461,128,0,96685:0:0:0:0:
64,192,96461,128,0,96573:0:0:0:0:
448,192,96573,128,0,96741:0:0:0:0:
64,192,96685,128,0,96797:0:0:0:0:
192,192,96741,1,0,0:0:0:0:
320,192,96797,128,0,96909:0:0:0:0:
448,192,96853,1,0,0:0:0:0:
64,192,96909,1,0,0:0:0:0:
192,192,96909,128,0,97077:0:0:0:0:
320,192,97021,1,0,0:0:0:0:
448,192,97021,128,0,97189:0:0:0:0:
64,192,97133,1,0,0:0:0:0:
192,192,97189,128,0,97357:0:0:0:0:
320,192,97245,128,0,97469:0:0:0:0:
448,192,97301,128,0,97469:0:0:0:0:
64,192,97357,128,0,97469:0:0:0:0:
192,192,97469,128,0,97581:0:0:0:0:
64,192,97581,1,0,0:0:0:0:
448,192,97581,1,0,0:0:0:0:
320,192,97581,128,0,97805:0:0:0:0:
192,192,97693,128,0,97972:0:0:0:0:
64,192,97805,128,0,97917:0:0:0:0:
448,192,97805,128,0,97917:0:0:0:0:
320,192,97917,128,0,98028:0:0:0:0:
448,192,98028,1,0,0:0:0:0:
64,192,98028,128,0,98140:0:0:0:0:
192,192,98084,128,0,98252:0:0:0:0:
320,192,98140,128,0,98364:0:0:0:0:
448,192,98196,128,0,98364:0:0:0:0:
64,192,98252,128,0,98364:0:0:0:0:
192,192,98364,128,0,98476:0:0:0:0:
64,192,98476,1,0,0:0:0:0:
320,192,98476,128,0,98812:0:0:0:0:
448,192,98476,128,0,98812:0:0:0:0:
64,192,98700,128,0,98812:0:0:0:0:
192,192,98700,128,0,98812:0:0:0:0:
64,192,98924,1,0,0:0:0:0:
448,192,98924,128,0,99036:0:0:0:0:
320,192,98980,128,0,99148:0:0:0:0:
192,192,99036,128,0,99260:0:0:0:0:
64,192,99092,128,0,99260:0:0:0:0:
448,192,99148,128,0,99260:0:0:0:0:
320,192,99260,128,0,99372:0:0:0:0:
448,192,99372,1,0,0:0:0:0:
64,192,99372,1,0,0:0:0:0:
192,192,99372,128,0,99596:0:0:0:0:
320,192,99484,128,0,99764:0:0:0:0:
64,192,99596,128,0,99708:0:0:0:0:
448,192,99596,128,0,99708:0:0:0:0:
192,192,99708,128,0,99819:0:0:0:0:
64,192,99819,1,0,0:0:0:0:
448,192,99819,128,0,99931:0:0:0:0:
320,192,99875,128,0,100043:0:0:0:0:
192,192,99931,128,0,100155:0:0:0:0:
64,192,99987,128,0,100155:0:0:0:0:
448,192,100043,128,0,100155:0:0:0:0:
320,192,100155,128,0,100267:0:0:0:0:
64,192,100267,1,0,0:0:0:0:
448,192,100267,1,0,0:0:0:0:
192,192,100267,128,0,100491:0:0:0:0:
320,192,100379,128,0,100491:0:0:0:0:
448,192,100491,1,0,0:0:0:0:
64,192,100491,128,0,100771:0:0:0:0:
320,192,100603,1,0,0:0:0:0:
192,192,100603,128,0,100715:0:0:0:0:
448,192,100715,128,0,100827:0:0:0:0:
320,192,100771,1,0,0:0:0:0:
192,192,100827,128,0,101051:0:0:0:0:
64,192,100883,1,0,0:0:0:0:
320,192,100939,128,0,101051:0:0:0:0:
448,192,100939,128,0,101163:0:0:0:0:
64,192,101051,128,0,101275:0:0:0:0:
320,192,101163,128,0,101499:0:0:0:0:
192,192,101163,1,0,0:0:0:0:
448,192,101275,128,0,101387:0:0:0:0:
192,192,101387,128,0,101499:0:0:0:0:
64,192,101387,128,0,101611:0:0:0:0:
448,192,101499,128,0,101722:0:0:0:0:
320,192,101611,1,0,0:0:0:0:
192,192,101611,128,0,101946:0:0:0:0:
64,192,101722,128,0,101834:0:0:0:0:
320,192,101834,128,0,101946:0:0:0:0:
448,192,101834,128,0,102058:0:0:0:0:
64,192,101946,128,0,102170:0:0:0:0:
192,192,102058,1,0,0:0:0:0:
320,192,102058,128,0,102394:0:0:0:0:
448,192,102170,128,0,102282:0:0:0:0:
192,192,102282,128,0,102394:0:0:0:0:
64,192,102282,128,0,102394:0:0:0:0:
448,192,102394,128,0,102506:0:0:0:0:
320,192,102506,1,0,0:0:0:0:
192,192,102506,128,0,102730:0:0:0:0:
64,192,102506,128,0,102730:0:0:0:0:
448,192,102618,128,0,102730:0:0:0:0:
320,192,102730,128,0,102842:0:0:0:0:
448,192,102842,1,0,0:0:0:0:
64,192,102842,1,0,0:0:0:0:
192,192,102842,128,0,103066:0:0:0:0:
448,192,102954,1,0,0:0:0:0:
320,192,102954,128,0,103066:0:0:0:0:
64,192,103066,128,0,103290:0:0:0:0:
448,192,103178,1,0,0:0:0:0:
320,192,103178,1,0,0:0:0:0:
192,192,103178,128,0,103290:0:0:0:0:
448,192,103290,128,0,103514:0:0:0:0:
64,192,103402,1,0,0:0:0:0:
192,192,103402,1,0,0:0:0:0:
320,192,103402,128,0,103514:0:0:0:0:
64,192,103514,128,0,103737:0:0:0:0:
320,192,103625,1,0,0:0:0:0:
448,192,103625,1,0,0:0:0:0:
192,192,103625,128,0,103737:0:0:0:0:
448,192,103737,128,0,104185:0:0:0:0:
64,192,103849,128,0,104185:0:0:0:0:
192,192,103849,128,0,104185:0:0:0:0:
320,192,103849,128,0,104185:0:0:0:0:
192,192,104297,1,0,0:0:0:0:
448,192,104297,1,0,0:0:0:0:
64,192,104297,128,0,105305:0:0:0:0:
320,192,104521,128,0,104857:0:0:0:0:
192,192,104745,1,0,0:0:0:0:
448,192,104745,1,0,0:0:0:0:
320,192,104969,128,0,105081:0:0:0:0:
448,192,105193,1,0,0:0:0:0:
192,192,105193,128,0,105528:0:0:0:0:
320,192,105417,128,0,105528:0:0:0:0:
64,192,105417,128,0,105752:0:0:0:0:
448,192,105640,128,0,105976:0:0:0:0:
320,192,105640,1,0,0:0:0:0:
192,192,105864,128,0,105976:0:0:0:0:
320,192,105864,128,0,106200:0:0:0:0:
64,192,106088,128,0,106424:0:0:0:0:
192,192,106088,1,0,0:0:0:0:
320,192,106312,128,0,106648:0:0:0:0:
448,192,106424,128,0,106648:0:0:0:0:
64,192,106536,1,0,0:0:0:0:
192,192,106536,128,0,106872:0:0:0:0:
320,192,106760,128,0,106872:0:0:0:0:
448,192,106760,128,0,107096:0:0:0:0:
192,192,106984,1,0,0:0:0:0:
64,192,106984,128,0,107319:0:0:0:0:
320,192,107096,128,0,107208:0:0:0:0:
192,192,107208,128,0,107319:0:0:0:0:
192,192,107431,1,0,0:0:0:0:
448,192,107431,1,0,0:0:0:0:
64,192,107431,128,0,107767:0:0:0:0:
192,192,107655,1,0,0:0:0:0:
320,192,107655,128,0,107767:0:0:0:0:
448,192,107655,128,0,107767:0:0:0:0:
64,192,107879,1,0,0:0:0:0:
192,192,107879,128,0,108439:0:0:0:0:
448,192,107879,1,0,0:0:0:0:
320,192,108103,128,0,108215:0:0:0:0:
448,192,108327,1,0,0:0:0:0:
64,192,108327,128,0,108887:0:0:0:0:
192,192,108551,128,0,108663:0:0:0:0:
320,192,108775,128,0,109111:0:0:0:0:
448,192,108775,1,0,0:0:0:0:
192,192,108999,128,0,109111:0:0:0:0:
448,192,108999,128,0,109334:0:0:0:0:
192,192,109222,1,0,0:0:0:0:
64,192,109222,128,0,109558:0:0:0:0:
320,192,109446,128,0,109558:0:0:0:0:
192,192,109446,128,0,109782:0:0:0:0:
448,192,109670,128,0,110006:0:0:0:0:
320,192,109670,1,0,0:0:0:0:
192,192,109894,128,0,110230:0:0:0:0:
320,192,110006,128,0,110230:0:0:0:0:
448,192,110118,1,0,0:0:0:0:
64,192,110118,128,0,110454:0:0:0:0:
192,192,110342,128,0,110454:0:0:0:0:
320,192,110454,1,0,0:0:0:0:
448,192,110454,1,0,0:0:0:0:
320,192,110566,1,0,0:0:0:0:
448,192,110566,128,0,110902:0:0:0:0:
192,192,110678,1,0,0:0:0:0:
320,192,110790,128,0,110902:0:0:0:0:
64,192,110790,128,0,110902:0:0:0:0:
192,192,111014,128,0,111237:0:0:0:0:
64,192,111014,1,0,0:0:0:0:
448,192,111014,1,0,0:0:0:0:
320,192,111125,128,0,111237:0:0:0:0:
64,192,111237,128,0,111349:0:0:0:0:
448,192,111237,128,0,111349:0:0:0:0:
192,192,111349,128,0,111461:0:0:0:0:
320,192,111349,128,0,111461:0:0:0:0:
448,192,111461,1,0,0:0:0:0:
64,192,111461,128,0,112245:0:0:0:0:
320,192,111685,128,0,111797:0:0:0:0:
192,192,111909,1,0,0:0:0:0:
448,192,111909,128,0,112581:0:0:0:0:
320,192,112133,128,0,112245:0:0:0:0:
192,192,112133,128,0,112245:0:0:0:0:
64,192,112357,1,0,0:0:0:0:
192,192,112413,1,0,0:0:0:0:
320,192,112469,128,0,112693:0:0:0:0:
64,192,112581,128,0,112693:0:0:0:0:
192,192,112581,128,0,112805:0:0:0:0:
448,192,112693,128,0,113140:0:0:0:0:
320,192,112805,1,0,0:0:0:0:
64,192,112805,128,0,113364:0:0:0:0:
320,192,113028,128,0,113140:0:0:0:0:
448,192,113252,128,0,114036:0:0:0:0:
320,192,113252,1,0,0:0:0:0:
192,192,113476,128,0,113588:0:0:0:0:
320,192,113700,1,0,0:0:0:0:
64,192,113700,128,0,114372:0:0:0:0:
320,192,113924,128,0,114036:0:0:0:0:
192,192,113924,128,0,114036:0:0:0:0:
448,192,114148,1,0,0:0:0:0:
320,192,114204,1,0,0:0:0:0:
192,192,114260,128,0,114484:0:0:0:0:
320,192,114372,128,0,114596:0:0:0:0:
448,192,114372,128,0,114484:0:0:0:0:
64,192,114484,128,0,114596:0:0:0:0:
448,192,114596,1,0,0:0:0:0:
192,192,114596,128,0,114931:0:0:0:0:
320,192,114819,1,0,0:0:0:0:
448,192,114819,128,0,114931:0:0:0:0:
64,192,114819,128,0,114931:0:0:0:0:
64,192,115043,1,0,0:0:0:0:
448,192,115043,1,0,0:0:0:0:
192,192,115043,128,0,115603:0:0:0:0:
320,192,115267,128,0,115379:0:0:0:0:
64,192,115491,128,0,116051:0:0:0:0:
448,192,115491,1,0,0:0:0:0:
192,192,115715,128,0,115827:0:0:0:0:
448,192,115939,1,0,0:0:0:0:
320,192,115939,128,0,116275:0:0:0:0:
192,192,116163,128,0,116275:0:0:0:0:
448,192,116163,128,0,116499:0:0:0:0:
64,192,116387,1,0,0:0:0:0:
192,192,116387,128,0,116946:0:0:0:0:
320,192,116611,128,0,116722:0:0:0:0:
64,192,116611,128,0,117170:0:0:0:0:
320,192,116834,1,0,0:0:0:0:
448,192,116834,128,0,117394:0:0:0:0:
192,192,117058,1,0,0:0:0:0:
320,192,117170,128,0,117394:0:0:0:0:
64,192,117282,1,0,0:0:0:0:
192,192,117282,128,0,117394:0:0:0:0:
192,192,117506,128,0,117618:0:0:0:0:
448,192,117506,128,0,117618:0:0:0:0:
320,192,117618,1,0,0:0:0:0:
64,192,117618,1,0,0:0:0:0:
64,192,117730,128,0,118066:0:0:0:0:
448,192,117730,1,0,0:0:0:0:
320,192,117730,128,0,117842:0:0:0:0:
448,192,117954,128,0,118290:0:0:0:0:
192,192,117954,1,0,0:0:0:0:
320,192,117954,128,0,118066:0:0:0:0:
192,192,118178,128,0,118514:0:0:0:0:
64,192,118178,128,0,118402:0:0:0:0:
320,192,118178,1,0,0:0:0:0:
320,192,118402,128,0,118514:0:0:0:0:
448,192,118402,128,0,118514:0:0:0:0:
64,192,118514,1,0,0:0:0:0:
448,192,118625,1,0,0:0:0:0:
192,192,118625,1,0,0:0:0:0:
320,192,118625,128,0,118961:0:0:0:0:
64,192,118737,1,0,0:0:0:0:
448,192,118849,1,0,0:0:0:0:
192,192,118849,128,0,118961:0:0:0:0:
64,192,118961,128,0,119185:0:0:0:0:
192,192,119073,1,0,0:0:0:0:
320,192,119073,1,0,0:0:0:0:
448,192,119073,128,0,119297:0:0:0:0:
320,192,119185,128,0,119409:0:0:0:0:
192,192,119297,128,0,119633:0:0:0:0:
64,192,119297,128,0,119409:0:0:0:0:
448,192,119409,1,0,0:0:0:0:
64,192,119521,1,0,0:0:0:0:
320,192,119521,128,0,119857:0:0:0:0:
448,192,119633,128,0,119745:0:0:0:0:
192,192,119745,1,0,0:0:0:0:
64,192,119745,128,0,119857:0:0:0:0:
448,192,119857,128,0,120081:0:0:0:0:
192,192,119969,1,0,0:0:0:0:
320,192,119969,1,0,0:0:0:0:
64,192,119969,128,0,120193:0:0:0:0:
192,192,120081,128,0,120305:0:0:0:0:
320,192,120193,128,0,120528:0:0:0:0:
448,192,120193,128,0,120305:0:0:0:0:
64,192,120305,1,0,0:0:0:0:
448,192,120417,1,0,0:0:0:0:
192,192,120417,128,0,120752:0:0:0:0:
64,192,120528,128,0,120640:0:0:0:0:
320,192,120640,1,0,0:0:0:0:
448,192,120640,128,0,120752:0:0:0:0:
64,192,120752,128,0,120976:0:0:0:0:
192,192,120864,1,0,0:0:0:0:
448,192,120864,1,0,0:0:0:0:
320,192,120864,128,0,121088:0:0:0:0:
448,192,120976,128,0,121200:0:0:0:0:
64,192,121088,1,0,0:0:0:0:
192,192,121088,128,0,121312:0:0:0:0:
320,192,121200,128,0,121424:0:0:0:0:
448,192,121312,1,0,0:0:0:0:
64,192,121312,128,0,121648:0:0:0:0:
192,192,121424,128,0,121648:0:0:0:0:
320,192,121536,1,0,0:0:0:0:
448,192,121536,128,0,121648:0:0:0:0:
64,192,121760,1,0,0:0:0:0:
448,192,121760,1,0,0:0:0:0:
192,192,121760,128,0,122096:0:0:0:0:
448,192,121984,128,0,122096:0:0:0:0:
320,192,121984,1,0,0:0:0:0:
64,192,121984,1,0,0:0:0:0:
320,192,122208,128,0,122543:0:0:0:0:
448,192,122208,1,0,0:0:0:0:
192,192,122208,1,0,0:0:0:0:
64,192,122319,1,0,0:0:0:0:
448,192,122431,1,0,0:0:0:0:
192,192,122431,128,0,122543:0:0:0:0:
64,192,122543,128,0,122767:0:0:0:0:
320,192,122655,1,0,0:0:0:0:
448,192,122655,128,0,122879:0:0:0:0:
192,192,122655,1,0,0:0:0:0:
320,192,122767,128,0,122991:0:0:0:0:
192,192,122879,128,0,122991:0:0:0:0:
64,192,122879,128,0,123215:0:0:0:0:
448,192,122991,1,0,0:0:0:0:
192,192,123103,1,0,0:0:0:0:
320,192,123103,128,0,123439:0:0:0:0:
448,192,123215,128,0,123327:0:0:0:0:
192,192,123327,128,0,123439:0:0:0:0:
64,192,123327,1,0,0:0:0:0:
448,192,123439,128,0,123663:0:0:0:0:
320,192,123551,1,0,0:0:0:0:
64,192,123551,128,0,123775:0:0:0:0:
192,192,123551,1,0,0:0:0:0:
192,192,123663,128,0,123887:0:0:0:0:
448,192,123775,128,0,124111:0:0:0:0:
320,192,123775,128,0,123887:0:0:0:0:
64,192,123887,1,0,0:0:0:0:
320,192,123999,1,0,0:0:0:0:
192,192,123999,128,0,124222:0:0:0:0:
64,192,124111,128,0,124334:0:0:0:0:
448,192,124222,1,0,0:0:0:0:
320,192,124222,128,0,124334:0:0:0:0:
192,192,124334,128,0,124558:0:0:0:0:
448,192,124446,1,0,0:0:0:0:
320,192,124446,128,0,124670:0:0:0:0:
64,192,124446,1,0,0:0:0:0:
448,192,124558,128,0,124670:0:0:0:0:
192,192,124670,1,0,0:0:0:0:
64,192,124670,128,0,124782:0:0:0:0:
320,192,124782,1,0,0:0:0:0:
448,192,124782,1,0,0:0:0:0:
320,192,124894,1,0,0:0:0:0:
448,192,124894,1,0,0:0:0:0:
64,192,124894,128,0,125230:0:0:0:0:
192,192,125118,1,0,0:0:0:0:
320,192,125118,128,0,125342:0:0:0:0:
448,192,125118,128,0,125454:0:0:0:0:
192,192,125342,128,0,125566:0:0:0:0:
64,192,125342,1,0,0:0:0:0:
320,192,125454,128,0,125566:0:0:0:0:
64,192,125566,128,0,125678:0:0:0:0:
448,192,125566,128,0,125678:0:0:0:0:
192,192,125678,128,0,125790:0:0:0:0:
320,192,125678,128,0,125790:0:0:0:0:
448,192,125790,1,0,0:0:0:0:
64,192,125790,128,0,126014:0:0:0:0:
320,192,125902,1,0,0:0:0:0:
448,192,126014,1,0,0:0:0:0:
192,192,126014,128,0,126125:0:0:0:0:
320,192,126125,128,0,126461:0:0:0:0:
192,192,126237,1,0,0:0:0:0:
64,192,126237,1,0,0:0:0:0:
448,192,126237,128,0,126349:0:0:0:0:
192,192,126349,128,0,126685:0:0:0:0:
64,192,126461,128,0,126573:0:0:0:0:
448,192,126461,1,0,0:0:0:0:
320,192,126573,128,0,126797:0:0:0:0:
448,192,126685,128,0,126797:0:0:0:0:
64,192,126685,1,0,0:0:0:0:
192,192,126797,128,0,127021:0:0:0:0:
448,192,126909,1,0,0:0:0:0:
64,192,126909,128,0,127021:0:0:0:0:
320,192,127021,1,0,0:0:0:0:
192,192,127133,1,0,0:0:0:0:
64,192,127133,128,0,127469:0:0:0:0:
448,192,127133,128,0,127469:0:0:0:0:
320,192,127357,128,0,127581:0:0:0:0:
192,192,127357,128,0,127581:0:0:0:0:
64,192,127581,1,0,0:0:0:0:
448,192,127581,128,0,127805:0:0:0:0:
192,192,127693,1,0,0:0:0:0:
64,192,127805,1,0,0:0:0:0:
320,192,127805,128,0,127917:0:0:0:0:
192,192,127917,128,0,128252:0:0:0:0:
448,192,128028,1,0,0:0:0:0:
64,192,128028,128,0,128140:0:0:0:0:
320,192,128028,1,0,0:0:0:0:
320,192,128140,128,0,128476:0:0:0:0:
448,192,128252,128,0,128364:0:0:0:0:
64,192,128252,1,0,0:0:0:0:
192,192,128364,128,0,128476:0:0:0:0:
448,192,128476,1,0,0:0:0:0:
64,192,128476,128,0,128700:0:0:0:0:
192,192,128588,1,0,0:0:0:0:
320,192,128588,128,0,128812:0:0:0:0:
448,192,128700,128,0,128812:0:0:0:0:
64,192,128812,128,0,128924:0:0:0:0:
320,192,128924,1,0,0:0:0:0:
192,192,128924,1,0,0:0:0:0:
448,192,128924,128,0,129260:0:0:0:0:
64,192,129148,1,0,0:0:0:0:
320,192,129148,1,0,0:0:0:0:
192,192,129148,128,0,129260:0:0:0:0:
64,192,129372,128,0,129708:0:0:0:0:
448,192,129372,1,0,0:0:0:0:
320,192,129372,1,0,0:0:0:0:
192,192,129484,128,0,129596:0:0:0:0:
448,192,129596,1,0,0:0:0:0:
320,192,129596,128,0,129708:0:0:0:0:
192,192,129708,128,0,129931:0:0:0:0:
320,192,129819,1,0,0:0:0:0:
448,192,129819,1,0,0:0:0:0:
64,192,129819,128,0,129931:0:0:0:0:
448,192,129931,128,0,130155:0:0:0:0:
320,192,130043,128,0,130267:0:0:0:0:
64,192,130043,1,0,0:0:0:0:
192,192,130155,128,0,130267:0:0:0:0:
64,192,130267,1,0,0:0:0:0:
448,192,130267,128,0,130603:0:0:0:0:
320,192,130379,128,0,130491:0:0:0:0:
64,192,130491,1,0,0:0:0:0:
192,192,130491,128,0,130603:0:0:0:0:
320,192,130603,128,0,130827:0:0:0:0:
64,192,130715,1,0,0:0:0:0:
192,192,130715,1,0,0:0:0:0:
448,192,130715,128,0,130827:0:0:0:0:
64,192,130827,128,0,131051:0:0:0:0:
448,192,130939,1,0,0:0:0:0:
192,192,130939,128,0,131275:0:0:0:0:
320,192,131051,128,0,131163:0:0:0:0:
448,192,131163,1,0,0:0:0:0:
64,192,131163,128,0,131275:0:0:0:0:
320,192,131275,1,0,0:0:0:0:
64,192,131387,1,0,0:0:0:0:
192,192,131387,1,0,0:0:0:0:
448,192,131387,1,0,0:0:0:0:
192,192,131499,128,0,131722:0:0:0:0:
64,192,131611,1,0,0:0:0:0:
320,192,131611,1,0,0:0:0:0:
448,192,131611,1,0,0:0:0:0:
448,192,131722,128,0,131834:0:0:0:0:
64,192,131834,128,0,131946:0:0:0:0:
192,192,131946,1,0,0:0:0:0:
320,192,131946,128,0,132058:0:0:0:0:
448,192,131946,128,0,132114:0:0:0:0:
64,192,132058,1,0,0:0:0:0:
192,192,132114,128,0,132394:0:0:0:0:
320,192,132170,128,0,132282:0:0:0:0:
448,192,132282,1,0,0:0:0:0:
64,192,132282,128,0,132674:0:0:0:0:
320,192,132506,128,0,132562:0:0:0:0:
192,192,132506,1,0,0:0:0:0:
448,192,132506,128,0,132674:0:0:0:0:
320,192,132730,1,0,0:0:0:0:
192,192,132730,1,0,0:0:0:0:
320,192,132842,1,0,0:0:0:0:
192,192,132842,1,0,0:0:0:0:
64,192,132954,128,0,133066:0:0:0:0:
448,192,132954,1,0,0:0:0:0:
192,192,133010,128,0,133290:0:0:0:0:
320,192,133066,128,0,133234:0:0:0:0:
448,192,133122,1,0,0:0:0:0:
64,192,133178,128,0,133346:0:0:0:0:
448,192,133290,128,0,133514:0:0:0:0:
320,192,133346,1,0,0:0:0:0:
192,192,133402,128,0,133625:0:0:0:0:
64,192,133458,1,0,0:0:0:0:
320,192,133514,128,0,133793:0:0:0:0:
448,192,133625,1,0,0:0:0:0:
64,192,133625,128,0,133905:0:0:0:0:
192,192,133737,128,0,133849:0:0:0:0:
448,192,133849,128,0,133961:0:0:0:0:
320,192,133905,128,0,134185:0:0:0:0:
192,192,133961,128,0,134129:0:0:0:0:
64,192,134017,1,0,0:0:0:0:
448,192,134073,128,0,134241:0:0:0:0:
64,192,134185,128,0,134409:0:0:0:0:
192,192,134241,1,0,0:0:0:0:
320,192,134297,128,0,134521:0:0:0:0:
448,192,134353,1,0,0:0:0:0:
192,192,134409,128,0,134689:0:0:0:0:
64,192,134521,1,0,0:0:0:0:
448,192,134521,128,0,134801:0:0:0:0:
320,192,134633,128,0,134745:0:0:0:0:
64,192,134745,128,0,134857:0:0:0:0:
192,192,134801,128,0,135081:0:0:0:0:
320,192,134857,128,0,135025:0:0:0:0:
448,192,134913,1,0,0:0:0:0:
64,192,134969,128,0,135137:0:0:0:0:
448,192,135081,128,0,135305:0:0:0:0:
320,192,135137,1,0,0:0:0:0:
192,192,135193,1,0,0:0:0:0:
64,192,135249,128,0,135417:0:0:0:0:
320,192,135305,128,0,135584:0:0:0:0:
448,192,135417,1,0,0:0:0:0:
192,192,135417,128,0,135640:0:0:0:0:
64,192,135528,128,0,135696:0:0:0:0:
448,192,135640,1,0,0:0:0:0:
320,192,135696,128,0,135976:0:0:0:0:
192,192,135752,128,0,135976:0:0:0:0:
64,192,135808,128,0,135976:0:0:0:0:
448,192,135864,128,0,135976:0:0:0:0:
64,192,136088,128,0,136592:0:0:0:0:
192,192,136088,1,0,0:0:0:0:
320,192,136088,128,0,136200:0:0:0:0:
448,192,136312,128,0,136424:0:0:0:0:
320,192,136312,128,0,136480:0:0:0:0:
192,192,136312,1,0,0:0:0:0:
448,192,136536,128,0,136648:0:0:0:0:
320,192,136592,128,0,136872:0:0:0:0:
192,192,136648,128,0,136816:0:0:0:0:
64,192,136704,1,0,0:0:0:0:
448,192,136760,128,0,136928:0:0:0:0:
64,192,136872,128,0,137096:0:0:0:0:
192,192,136928,1,0,0:0:0:0:
320,192,136984,128,0,137208:0:0:0:0:
448,192,137040,1,0,0:0:0:0:
192,192,137096,128,0,137375:0:0:0:0:
64,192,137208,1,0,0:0:0:0:
448,192,137208,128,0,137487:0:0:0:0:
320,192,137319,128,0,137431:0:0:0:0:
64,192,137431,128,0,137543:0:0:0:0:
192,192,137487,128,0,137767:0:0:0:0:
320,192,137543,128,0,137711:0:0:0:0:
448,192,137599,1,0,0:0:0:0:
64,192,137655,128,0,137823:0:0:0:0:
448,192,137767,128,0,137991:0:0:0:0:
320,192,137823,1,0,0:0:0:0:
192,192,137879,128,0,138103:0:0:0:0:
64,192,137935,1,0,0:0:0:0:
320,192,137991,128,0,138271:0:0:0:0:
448,192,138103,1,0,0:0:0:0:
64,192,138103,128,0,138383:0:0:0:0:
192,192,138215,128,0,138327:0:0:0:0:
448,192,138327,128,0,138439:0:0:0:0:
320,192,138383,128,0,138663:0:0:0:0:
192,192,138439,128,0,138607:0:0:0:0:
64,192,138495,1,0,0:0:0:0:
448,192,138551,128,0,138719:0:0:0:0:
64,192,138663,128,0,138887:0:0:0:0:
192,192,138719,1,0,0:0:0:0:
320,192,138775,128,0,138999:0:0:0:0:
448,192,138831,1,0,0:0:0:0:
192,192,138887,128,0,138999:0:0:0:0:
64,192,138999,1,0,0:0:0:0:
448,192,138999,1,0,0:0:0:0:
320,192,139111,1,0,0:0:0:0:
192,192,139111,1,0,0:0:0:0:
64,192,139222,128,0,139334:0:0:0:0:
320,192,139278,128,0,139558:0:0:0:0:
448,192,139334,128,0,139558:0:0:0:0:
192,192,139446,1,0,0:0:0:0:
64,192,139446,128,0,139782:0:0:0:0:
448,192,139670,128,0,140006:0:0:0:0:
192,192,139670,1,0,0:0:0:0:
320,192,139670,128,0,139894:0:0:0:0:
64,192,139894,1,0,0:0:0:0:
192,192,139894,1,0,0:0:0:0:
192,192,140006,128,0,140118:0:0:0:0:
64,192,140006,128,0,140174:0:0:0:0:
448,192,140118,128,0,140230:0:0:0:0:
320,192,140174,128,0,140342:0:0:0:0:
192,192,140230,128,0,140454:0:0:0:0:
64,192,140286,128,0,140622:0:0:0:0:
448,192,140342,1,0,0:0:0:0:
320,192,140454,1,0,0:0:0:0:
448,192,140566,1,0,0:0:0:0:
192,192,140566,128,0,140734:0:0:0:0:
320,192,140678,128,0,141014:0:0:0:0:
448,192,140790,128,0,140958:0:0:0:0:
64,192,140790,1,0,0:0:0:0:
192,192,140902,128,0,141069:0:0:0:0:
64,192,141014,128,0,141125:0:0:0:0:
448,192,141069,1,0,0:0:0:0:
320,192,141125,128,0,141349:0:0:0:0:
192,192,141181,128,0,141461:0:0:0:0:
64,192,141237,128,0,141349:0:0:0:0:
448,192,141349,128,0,141573:0:0:0:0:
320,192,141461,128,0,141685:0:0:0:0:
64,192,141461,1,0,0:0:0:0:
192,192,141573,128,0,141853:0:0:0:0:
448,192,141685,1,0,0:0:0:0:
64,192,141685,128,0,141797:0:0:0:0:
320,192,141797,128,0,141909:0:0:0:0:
64,192,141909,128,0,142021:0:0:0:0:
192,192,141965,128,0,142133:0:0:0:0:
320,192,142021,128,0,142245:0:0:0:0:
448,192,142077,128,0,142413:0:0:0:0:
64,192,142133,1,0,0:0:0:0:
192,192,142245,1,0,0:0:0:0:
64,192,142357,1,0,0:0:0:0:
320,192,142357,128,0,142525:0:0:0:0:
192,192,142469,128,0,142749:0:0:0:0:
448,192,142581,1,0,0:0:0:0:
64,192,142581,128,0,142693:0:0:0:0:
320,192,142693,128,0,142805:0:0:0:0:
448,192,142749,128,0,142861:0:0:0:0:
64,192,142805,1,0,0:0:0:0:
192,192,142861,128,0,143140:0:0:0:0:
320,192,142917,128,0,143084:0:0:0:0:
448,192,142972,1,0,0:0:0:0:
64,192,143028,128,0,143196:0:0:0:0:
448,192,143140,128,0,143364:0:0:0:0:
320,192,143196,1,0,0:0:0:0:
192,192,143252,128,0,143700:0:0:0:0:
64,192,143308,128,0,143364:0:0:0:0:
320,192,143364,128,0,143644:0:0:0:0:
64,192,143476,1,0,0:0:0:0:
448,192,143476,128,0,143588:0:0:0:0:
64,192,143588,128,0,143756:0:0:0:0:
448,192,143700,128,0,143812:0:0:0:0:
320,192,143756,128,0,143924:0:0:0:0:
192,192,143812,128,0,144036:0:0:0:0:
64,192,143868,128,0,145491:0:0:0:0:
448,192,143924,128,0,144036:0:0:0:0:
320,192,144036,128,0,144148:0:0:0:0:
192,192,144148,128,0,144372:0:0:0:0:
448,192,144148,128,0,144260:0:0:0:0:
320,192,144260,128,0,144484:0:0:0:0:
448,192,144372,128,0,144484:0:0:0:0:
192,192,144484,128,0,144596:0:0:0:0:
448,192,144596,128,0,144708:0:0:0:0:
320,192,144596,128,0,144819:0:0:0:0:
192,192,144708,128,0,144931:0:0:0:0:
448,192,144819,128,0,144931:0:0:0:0:
320,192,144931,128,0,145043:0:0:0:0:
448,192,145043,128,0,145155:0:0:0:0:
192,192,145043,128,0,145267:0:0:0:0:
320,192,145155,128,0,145379:0:0:0:0:
448,192,145267,128,0,145379:0:0:0:0:
192,192,145379,128,0,145547:0:0:0:0:
448,192,145491,1,0,0:0:0:0:
320,192,145491,128,0,145603:0:0:0:0:
320,192,145715,128,0,146051:0:0:0:0:
192,192,145827,1,0,0:0:0:0:
64,192,145827,1,0,0:0:0:0:
448,192,145827,128,0,145995:0:0:0:0:
64,192,145939,1,0,0:0:0:0:
192,192,145939,128,0,146107:0:0:0:0:
64,192,146163,128,0,146499:0:0:0:0:
320,192,146163,128,0,146275:0:0:0:0:
448,192,146163,1,0,0:0:0:0:
448,192,146387,128,0,146722:0:0:0:0:
192,192,146387,1,0,0:0:0:0:
320,192,146387,128,0,146611:0:0:0:0:
192,192,146611,1,0,0:0:0:0:
64,192,146611,1,0,0:0:0:0:
192,192,146722,1,0,0:0:0:0:
64,192,146722,128,0,146834:0:0:0:0:
320,192,146834,128,0,147002:0:0:0:0:
448,192,146834,128,0,147058:0:0:0:0:
192,192,146946,1,0,0:0:0:0:
64,192,146946,128,0,147170:0:0:0:0:
192,192,147058,128,0,147226:0:0:0:0:
320,192,147114,128,0,147282:0:0:0:0:
448,192,147170,128,0,147338:0:0:0:0:
64,192,147282,1,0,0:0:0:0:
192,192,147338,128,0,147618:0:0:0:0:
320,192,147394,1,0,0:0:0:0:
448,192,147450,128,0,147730:0:0:0:0:
64,192,147506,128,0,147618:0:0:0:0:
320,192,147618,128,0,147898:0:0:0:0:
192,192,147730,1,0,0:0:0:0:
64,192,147730,128,0,148066:0:0:0:0:
448,192,147842,128,0,147954:0:0:0:0:
192,192,147954,1,0,0:0:0:0:
320,192,148010,128,0,148290:0:0:0:0:
448,192,148066,128,0,148514:0:0:0:0:
64,192,148178,1,0,0:0:0:0:
192,192,148178,128,0,148346:0:0:0:0:
64,192,148290,128,0,148402:0:0:0:0:
320,192,148402,1,0,0:0:0:0:
192,192,148458,128,0,148737:0:0:0:0:
64,192,148514,128,0,148961:0:0:0:0:
448,192,148625,1,0,0:0:0:0:
320,192,148625,128,0,148793:0:0:0:0:
448,192,148737,128,0,148849:0:0:0:0:
192,192,148849,1,0,0:0:0:0:
320,192,148905,128,0,149129:0:0:0:0:
448,192,148961,128,0,149073:0:0:0:0:
192,192,149073,128,0,149185:0:0:0:0:
64,192,149129,128,0,149521:0:0:0:0:
448,192,149185,128,0,149297:0:0:0:0:
320,192,149241,128,0,149353:0:0:0:0:
192,192,149297,128,0,149577:0:0:0:0:
448,192,149409,1,0,0:0:0:0:
320,192,149521,128,0,149633:0:0:0:0:
448,192,149577,128,0,149969:0:0:0:0:
64,192,149633,128,0,149745:0:0:0:0:
192,192,149689,128,0,149801:0:0:0:0:
320,192,149745,128,0,150025:0:0:0:0:
64,192,149857,1,0,0:0:0:0:
192,192,149969,128,0,150081:0:0:0:0:
64,192,150025,128,0,150305:0:0:0:0:
448,192,150081,128,0,150305:0:0:0:0:
320,192,150137,128,0,150305:0:0:0:0:
192,192,150193,128,0,150305:0:0:0:0:
64,192,150417,128,0,150752:0:0:0:0:
192,192,150417,1,0,0:0:0:0:
320,192,150417,128,0,150528:0:0:0:0:
192,192,150640,1,0,0:0:0:0:
448,192,150640,128,0,150920:0:0:0:0:
320,192,150640,128,0,150864:0:0:0:0:
64,192,150864,128,0,150976:0:0:0:0:
192,192,150920,128,0,151032:0:0:0:0:
320,192,150976,128,0,151256:0:0:0:0:
448,192,151032,128,0,151144:0:0:0:0:
64,192,151088,1,0,0:0:0:0:
192,192,151200,128,0,151424:0:0:0:0:
64,192,151256,128,0,151816:0:0:0:0:
448,192,151312,1,0,0:0:0:0:
320,192,151312,1,0,0:0:0:0:
448,192,151424,128,0,151480:0:0:0:0:
192,192,151536,128,0,151760:0:0:0:0:
320,192,151592,128,0,151704:0:0:0:0:
448,192,151760,128,0,151872:0:0:0:0:
320,192,151816,128,0,151928:0:0:0:0:
192,192,151872,128,0,152152:0:0:0:0:
64,192,151928,128,0,152040:0:0:0:0:
448,192,151984,1,0,0:0:0:0:
320,192,152096,128,0,152319:0:0:0:0:
448,192,152152,128,0,152711:0:0:0:0:
64,192,152208,1,0,0:0:0:0:
192,192,152208,1,0,0:0:0:0:
64,192,152319,128,0,152375:0:0:0:0:
320,192,152431,128,0,152655:0:0:0:0:
192,192,152487,128,0,152599:0:0:0:0:
64,192,152655,128,0,152767:0:0:0:0:
192,192,152711,128,0,152879:0:0:0:0:
320,192,152767,128,0,153103:0:0:0:0:
448,192,152823,128,0,152991:0:0:0:0:
64,192,152879,1,0,0:0:0:0:
192,192,152991,128,0,153327:0:0:0:0:
64,192,153103,128,0,153215:0:0:0:0:
448,192,153103,1,0,0:0:0:0:
320,192,153215,128,0,153327:0:0:0:0:
64,192,153327,1,0,0:0:0:0:
448,192,153327,1,0,0:0:0:0:
320,192,153439,1,0,0:0:0:0:
192,192,153439,1,0,0:0:0:0:
448,192,153551,128,0,153663:0:0:0:0:
192,192,153607,128,0,153887:0:0:0:0:
64,192,153663,128,0,153887:0:0:0:0:
320,192,153775,1,0,0:0:0:0:
448,192,153775,128,0,154111:0:0:0:0:
64,192,153999,128,0,154334:0:0:0:0:
320,192,153999,1,0,0:0:0:0:
192,192,153999,128,0,154222:0:0:0:0:
448,192,154222,1,0,0:0:0:0:
320,192,154222,1,0,0:0:0:0:
320,192,154334,128,0,154446:0:0:0:0:
448,192,154334,128,0,154502:0:0:0:0:
64,192,154446,128,0,154502:0:0:0:0:
192,192,154502,128,0,154614:0:0:0:0:
320,192,154558,128,0,154726:0:0:0:0:
448,192,154614,128,0,154950:0:0:0:0:
64,192,154670,128,0,154894:0:0:0:0:
192,192,154782,128,0,154838:0:0:0:0:
320,192,154894,128,0,155062:0:0:0:0:
192,192,154950,128,0,155174:0:0:0:0:
64,192,155006,128,0,155398:0:0:0:0:
448,192,155118,128,0,155342:0:0:0:0:
320,192,155230,128,0,155286:0:0:0:0:
192,192,155342,128,0,155678:0:0:0:0:
320,192,155398,128,0,155622:0:0:0:0:
448,192,155454,128,0,155566:0:0:0:0:
64,192,155566,128,0,155734:0:0:0:0:
448,192,155678,128,0,155902:0:0:0:0:
320,192,155734,1,0,0:0:0:0:
192,192,155790,128,0,156014:0:0:0:0:
64,192,155846,1,0,0:0:0:0:
320,192,155902,128,0,156181:0:0:0:0:
64,192,156014,128,0,156293:0:0:0:0:
448,192,156014,1,0,0:0:0:0:
192,192,156125,128,0,156237:0:0:0:0:
448,192,156237,128,0,156293:0:0:0:0:
320,192,156293,128,0,156405:0:0:0:0:
192,192,156349,128,0,156517:0:0:0:0:
64,192,156405,128,0,156741:0:0:0:0:
448,192,156461,128,0,156685:0:0:0:0:
320,192,156573,128,0,156629:0:0:0:0:
192,192,156685,128,0,156853:0:0:0:0:
320,192,156741,128,0,156965:0:0:0:0:
448,192,156797,128,0,157189:0:0:0:0:
64,192,156909,128,0,157133:0:0:0:0:
192,192,157021,128,0,157077:0:0:0:0:
320,192,157133,128,0,157469:0:0:0:0:
192,192,157189,128,0,157413:0:0:0:0:
64,192,157245,128,0,157357:0:0:0:0:
448,192,157357,128,0,157525:0:0:0:0:
64,192,157469,128,0,157693:0:0:0:0:
192,192,157525,1,0,0:0:0:0:
320,192,157581,128,0,157805:0:0:0:0:
448,192,157637,1,0,0:0:0:0:
192,192,157693,128,0,157805:0:0:0:0:
64,192,157805,1,0,0:0:0:0:
448,192,157805,1,0,0:0:0:0:
64,192,157917,1,0,0:0:0:0:
448,192,157917,1,0,0:0:0:0:
192,192,158028,128,0,158140:0:0:0:0:
320,192,158084,128,0,158252:0:0:0:0:
448,192,158140,128,0,158364:0:0:0:0:
192,192,158252,128,0,158476:0:0:0:0:
64,192,158252,128,0,158364:0:0:0:0:
320,192,158364,128,0,158588:0:0:0:0:
448,192,158476,128,0,158588:0:0:0:0:
64,192,158476,128,0,158812:0:0:0:0:
192,192,158588,128,0,158700:0:0:0:0:
448,192,158700,128,0,158812:0:0:0:0:
320,192,158700,128,0,158924:0:0:0:0:
192,192,158812,128,0,159036:0:0:0:0:
64,192,158924,128,0,159036:0:0:0:0:
448,192,158924,128,0,159260:0:0:0:0:
320,192,159036,128,0,159148:0:0:0:0:
64,192,159148,128,0,159260:0:0:0:0:
192,192,159148,128,0,159372:0:0:0:0:
320,192,159260,128,0,159484:0:0:0:0:
448,192,159372,128,0,159484:0:0:0:0:
64,192,159372,128,0,159708:0:0:0:0:
192,192,159484,128,0,159596:0:0:0:0:
320,192,159596,128,0,159819:0:0:0:0:
448,192,159596,128,0,159708:0:0:0:0:
192,192,159708,128,0,159931:0:0:0:0:
64,192,159819,128,0,159931:0:0:0:0:
448,192,159819,128,0,160043:0:0:0:0:
320,192,159931,128,0,160043:0:0:0:0:
64,192,160043,128,0,160155:0:0:0:0:
192,192,160043,128,0,160155:0:0:0:0:
448,192,160155,128,0,160267:0:0:0:0:
320,192,160155,1,0,0:0:0:0:
64,192,160267,128,0,160379:0:0:0:0:
192,192,160267,128,0,160379:0:0:0:0:
320,192,160267,128,0,160491:0:0:0:0:
448,192,160379,128,0,160603:0:0:0:0:
64,192,160491,128,0,160603:0:0:0:0:
192,192,160491,128,0,160715:0:0:0:0:
320,192,160603,128,0,160939:0:0:0:0:
64,192,160715,128,0,160827:0:0:0:0:
448,192,160715,128,0,160827:0:0:0:0:
192,192,160827,128,0,161163:0:0:0:0:
64,192,160939,128,0,161051:0:0:0:0:
448,192,160939,128,0,161051:0:0:0:0:
320,192,161051,128,0,161163:0:0:0:0:
64,192,161163,128,0,161275:0:0:0:0:
448,192,161163,128,0,161275:0:0:0:0:
192,192,161275,128,0,161387:0:0:0:0:
320,192,161275,128,0,161387:0:0:0:0:
64,192,161387,128,0,161499:0:0:0:0:
448,192,161387,128,0,161499:0:0:0:0:
192,192,161499,128,0,161611:0:0:0:0:
320,192,161499,128,0,161611:0:0:0:0:
448,192,161611,1,0,0:0:0:0:
64,192,161611,1,0,0:0:0:0:
192,192,161722,1,0,0:0:0:0:
320,192,161834,1,0,0:0:0:0:
320,192,161946,1,0,0:0:0:0:
192,192,162058,1,0,0:0:0:0:
64,192,162058,1,0,0:0:0:0:
448,192,162058,1,0,0:0:0:0:
320,192,162170,1,0,0:0:0:0:
448,192,162282,1,0,0:0:0:0:
448,192,162394,1,0,0:0:0:0:
320,192,162506,1,0,0:0:0:0:
64,192,162506,1,0,0:0:0:0:
192,192,162618,1,0,0:0:0:0:
64,192,162730,1,0,0:0:0:0:
64,192,162842,1,0,0:0:0:0:
320,192,162954,1,0,0:0:0:0:
192,192,162954,1,0,0:0:0:0:
448,192,162954,1,0,0:0:0:0:
64,192,163066,1,0,0:0:0:0:
192,192,163178,1,0,0:0:0:0:
192,192,163290,1,0,0:0:0:0:
64,192,163402,1,0,0:0:0:0:
320,192,163402,1,0,0:0:0:0:
192,192,163514,1,0,0:0:0:0:
448,192,163625,1,0,0:0:0:0:
448,192,163737,1,0,0:0:0:0:
320,192,163849,1,0,0:0:0:0:
192,192,163849,1,0,0:0:0:0:
64,192,163849,1,0,0:0:0:0:
448,192,163961,1,0,0:0:0:0:
320,192,164073,1,0,0:0:0:0:
320,192,164185,1,0,0:0:0:0:
64,192,164297,1,0,0:0:0:0:
192,192,164297,1,0,0:0:0:0:
64,192,164409,1,0,0:0:0:0:
448,192,164409,1,0,0:0:0:0:
192,192,164409,1,0,0:0:0:0:
320,192,164521,1,0,0:0:0:0:
320,192,164633,1,0,0:0:0:0:
64,192,164745,1,0,0:0:0:0:
192,192,164745,1,0,0:0:0:0:
448,192,164745,1,0,0:0:0:0:
320,192,164857,1,0,0:0:0:0:
64,192,164969,1,0,0:0:0:0:
192,192,164969,1,0,0:0:0:0:
320,192,165081,1,0,0:0:0:0:
64,192,165193,1,0,0:0:0:0:
192,192,165193,1,0,0:0:0:0:
448,192,165305,1,0,0:0:0:0:
320,192,165417,1,0,0:0:0:0:
320,192,165528,1,0,0:0:0:0:
192,192,165640,1,0,0:0:0:0:
64,192,165640,1,0,0:0:0:0:
448,192,165640,1,0,0:0:0:0:
320,192,165752,1,0,0:0:0:0:
64,192,165864,1,0,0:0:0:0:
64,192,165976,1,0,0:0:0:0:
192,192,166088,1,0,0:0:0:0:
448,192,166088,1,0,0:0:0:0:
320,192,166200,1,0,0:0:0:0:
448,192,166312,1,0,0:0:0:0:
448,192,166424,1,0,0:0:0:0:
320,192,166536,1,0,0:0:0:0:
192,192,166536,1,0,0:0:0:0:
64,192,166536,1,0,0:0:0:0:
448,192,166648,1,0,0:0:0:0:
192,192,166760,1,0,0:0:0:0:
192,192,166872,1,0,0:0:0:0:
64,192,166984,1,0,0:0:0:0:
448,192,166984,1,0,0:0:0:0:
320,192,167096,1,0,0:0:0:0:
192,192,167208,1,0,0:0:0:0:
192,192,167319,1,0,0:0:0:0:
64,192,167431,1,0,0:0:0:0:
320,192,167431,1,0,0:0:0:0:
448,192,167431,1,0,0:0:0:0:
192,192,167543,1,0,0:0:0:0:
64,192,167655,1,0,0:0:0:0:
64,192,167767,1,0,0:0:0:0:
320,192,167767,1,0,0:0:0:0:
192,192,167879,1,0,0:0:0:0:
448,192,167879,1,0,0:0:0:0:
192,192,167991,1,0,0:0:0:0:
448,192,167991,1,0,0:0:0:0:
320,192,167991,1,0,0:0:0:0:
64,192,168103,1,0,0:0:0:0:
320,192,168103,1,0,0:0:0:0:
448,192,168103,1,0,0:0:0:0:
192,192,168215,1,0,0:0:0:0:
64,192,168327,1,0,0:0:0:0:
320,192,168327,1,0,0:0:0:0:
448,192,168327,1,0,0:0:0:0:
64,192,168439,1,0,0:0:0:0:
320,192,168551,1,0,0:0:0:0:
448,192,168551,1,0,0:0:0:0:
320,192,168663,1,0,0:0:0:0:
192,192,168663,1,0,0:0:0:0:
64,192,168775,1,0,0:0:0:0:
192,192,168775,1,0,0:0:0:0:
448,192,168775,1,0,0:0:0:0:
320,192,168887,1,0,0:0:0:0:
192,192,168999,1,0,0:0:0:0:
192,192,169111,1,0,0:0:0:0:
320,192,169222,1,0,0:0:0:0:
448,192,169222,1,0,0:0:0:0:
64,192,169222,1,0,0:0:0:0:
192,192,169334,1,0,0:0:0:0:
64,192,169446,1,0,0:0:0:0:
64,192,169558,1,0,0:0:0:0:
192,192,169670,1,0,0:0:0:0:
448,192,169670,1,0,0:0:0:0:
320,192,169782,1,0,0:0:0:0:
448,192,169894,1,0,0:0:0:0:
448,192,170006,1,0,0:0:0:0:
192,192,170118,1,0,0:0:0:0:
320,192,170118,1,0,0:0:0:0:
64,192,170118,1,0,0:0:0:0:
448,192,170230,1,0,0:0:0:0:
320,192,170342,1,0,0:0:0:0:
320,192,170454,1,0,0:0:0:0:
448,192,170566,1,0,0:0:0:0:
192,192,170566,1,0,0:0:0:0:
320,192,170678,1,0,0:0:0:0:
64,192,170790,1,0,0:0:0:0:
64,192,170902,1,0,0:0:0:0:
192,192,171014,1,0,0:0:0:0:
320,192,171014,1,0,0:0:0:0:
448,192,171014,1,0,0:0:0:0:
64,192,171125,1,0,0:0:0:0:
192,192,171237,1,0,0:0:0:0:
192,192,171349,1,0,0:0:0:0:
448,192,171461,1,0,0:0:0:0:
320,192,171461,1,0,0:0:0:0:
448,192,171573,1,0,0:0:0:0:
64,192,171573,1,0,0:0:0:0:
320,192,171573,1,0,0:0:0:0:
192,192,171685,1,0,0:0:0:0:
192,192,171797,1,0,0:0:0:0:
448,192,171909,1,0,0:0:0:0:
320,192,171909,1,0,0:0:0:0:
64,192,171909,1,0,0:0:0:0:
448,192,172021,1,0,0:0:0:0:
64,192,172133,1,0,0:0:0:0:
192,192,172133,1,0,0:0:0:0:
320,192,172245,1,0,0:0:0:0:
192,192,172245,1,0,0:0:0:0:
448,192,172357,1,0,0:0:0:0:
320,192,172357,1,0,0:0:0:0:
64,192,172469,1,0,0:0:0:0:
192,192,172581,1,0,0:0:0:0:
192,192,172693,1,0,0:0:0:0:
320,192,172805,1,0,0:0:0:0:
448,192,172805,1,0,0:0:0:0:
64,192,172805,1,0,0:0:0:0:
192,192,172917,1,0,0:0:0:0:
448,192,173028,1,0,0:0:0:0:
448,192,173140,1,0,0:0:0:0:
320,192,173252,1,0,0:0:0:0:
64,192,173252,1,0,0:0:0:0:
192,192,173364,1,0,0:0:0:0:
64,192,173476,1,0,0:0:0:0:
64,192,173588,1,0,0:0:0:0:
192,192,173700,1,0,0:0:0:0:
320,192,173700,1,0,0:0:0:0:
448,192,173700,1,0,0:0:0:0:
64,192,173812,1,0,0:0:0:0:
320,192,173924,1,0,0:0:0:0:
320,192,174036,1,0,0:0:0:0:
64,192,174148,1,0,0:0:0:0:
448,192,174148,1,0,0:0:0:0:
192,192,174204,1,0,0:0:0:0:
320,192,174260,1,0,0:0:0:0:
192,192,174372,1,0,0:0:0:0:
64,192,174484,1,0,0:0:0:0:
448,192,174484,1,0,0:0:0:0:
192,192,174596,1,0,0:0:0:0:
320,192,174596,1,0,0:0:0:0:
448,192,174596,1,0,0:0:0:0:
192,192,174708,1,0,0:0:0:0:
448,192,174819,1,0,0:0:0:0:
64,192,174819,1,0,0:0:0:0:
320,192,174931,1,0,0:0:0:0:
192,192,175043,1,0,0:0:0:0:
64,192,175043,1,0,0:0:0:0:
64,192,175155,1,0,0:0:0:0:
320,192,175267,1,0,0:0:0:0:
448,192,175267,1,0,0:0:0:0:
448,192,175379,1,0,0:0:0:0:
64,192,175491,1,0,0:0:0:0:
192,192,175491,1,0,0:0:0:0:
64,192,175603,1,0,0:0:0:0:
320,192,175603,1,0,0:0:0:0:
448,192,175715,1,0,0:0:0:0:
192,192,175715,1,0,0:0:0:0:
448,192,175827,1,0,0:0:0:0:
320,192,175827,1,0,0:0:0:0:
64,192,175939,1,0,0:0:0:0:
448,192,175939,1,0,0:0:0:0:
192,192,175939,1,0,0:0:0:0:
64,192,176051,128,0,176275:0:0:0:0:
320,192,176163,1,0,0:0:0:0:
320,192,176275,128,0,176387:0:0:0:0:
64,192,176387,1,0,0:0:0:0:
192,192,176387,1,0,0:0:0:0:
448,192,176387,1,0,0:0:0:0:
192,192,176499,128,0,176722:0:0:0:0:
448,192,176611,1,0,0:0:0:0:
448,192,176722,128,0,176834:0:0:0:0:
64,192,176834,1,0,0:0:0:0:
320,192,176834,1,0,0:0:0:0:
64,192,176946,128,0,177170:0:0:0:0:
448,192,177058,1,0,0:0:0:0:
448,192,177170,128,0,177282:0:0:0:0:
320,192,177282,1,0,0:0:0:0:
192,192,177282,1,0,0:0:0:0:
64,192,177282,1,0,0:0:0:0:
320,192,177394,128,0,177618:0:0:0:0:
64,192,177506,1,0,0:0:0:0:
64,192,177618,128,0,177730:0:0:0:0:
192,192,177730,1,0,0:0:0:0:
448,192,177730,1,0,0:0:0:0:
448,192,177842,128,0,178066:0:0:0:0:
192,192,177954,1,0,0:0:0:0:
192,192,178066,128,0,178178:0:0:0:0:
64,192,178178,1,0,0:0:0:0:
320,192,178178,1,0,0:0:0:0:
448,192,178178,1,0,0:0:0:0:
320,192,178290,128,0,178514:0:0:0:0:
64,192,178402,1,0,0:0:0:0:
64,192,178514,128,0,178625:0:0:0:0:
192,192,178625,1,0,0:0:0:0:
448,192,178625,1,0,0:0:0:0:
192,192,178737,1,0,0:0:0:0:
320,192,178737,1,0,0:0:0:0:
448,192,178737,1,0,0:0:0:0:
64,192,178849,1,0,0:0:0:0:
64,192,178961,128,0,179185:0:0:0:0:
192,192,179073,1,0,0:0:0:0:
448,192,179073,1,0,0:0:0:0:
320,192,179073,1,0,0:0:0:0:
448,192,179185,128,0,179409:0:0:0:0:
192,192,179297,1,0,0:0:0:0:
320,192,179297,1,0,0:0:0:0:
64,192,179409,128,0,179633:0:0:0:0:
192,192,179521,1,0,0:0:0:0:
448,192,179521,1,0,0:0:0:0:
448,192,179633,128,0,179857:0:0:0:0:
192,192,179745,1,0,0:0:0:0:
192,192,179857,128,0,179969:0:0:0:0:
448,192,179969,1,0,0:0:0:0:
320,192,179969,1,0,0:0:0:0:
64,192,179969,1,0,0:0:0:0:
320,192,180081,128,0,180305:0:0:0:0:
64,192,180193,1,0,0:0:0:0:
64,192,180305,128,0,180417:0:0:0:0:
448,192,180417,1,0,0:0:0:0:
192,192,180417,1,0,0:0:0:0:
448,192,180528,128,0,180752:0:0:0:0:
64,192,180640,1,0,0:0:0:0:
64,192,180752,128,0,180864:0:0:0:0:
192,192,180864,1,0,0:0:0:0:
320,192,180864,1,0,0:0:0:0:
448,192,180864,1,0,0:0:0:0:
192,192,180976,128,0,181200:0:0:0:0:
448,192,181088,1,0,0:0:0:0:
448,192,181200,128,0,181312:0:0:0:0:
320,192,181312,1,0,0:0:0:0:
64,192,181312,1,0,0:0:0:0:
64,192,181424,128,0,181648:0:0:0:0:
320,192,181536,1,0,0:0:0:0:
320,192,181648,128,0,181760:0:0:0:0:
64,192,181760,1,0,0:0:0:0:
192,192,181760,1,0,0:0:0:0:
448,192,181760,1,0,0:0:0:0:
192,192,181872,128,0,182096:0:0:0:0:
448,192,181984,1,0,0:0:0:0:
64,192,182096,1,0,0:0:0:0:
320,192,182096,1,0,0:0:0:0:
192,192,182208,1,0,0:0:0:0:
448,192,182208,1,0,0:0:0:0:
192,192,182319,1,0,0:0:0:0:
320,192,182319,1,0,0:0:0:0:
448,192,182319,1,0,0:0:0:0:
64,192,182431,1,0,0:0:0:0:
320,192,182431,1,0,0:0:0:0:
448,192,182431,1,0,0:0:0:0:
192,192,182543,128,0,182655:0:0:0:0:
64,192,182655,1,0,0:0:0:0:
320,192,182655,1,0,0:0:0:0:
448,192,182655,1,0,0:0:0:0:
64,192,182767,1,0,0:0:0:0:
320,192,182879,1,0,0:0:0:0:
448,192,182879,1,0,0:0:0:0:
320,192,182991,1,0,0:0:0:0:
192,192,182991,1,0,0:0:0:0:
192,192,183103,1,0,0:0:0:0:
64,192,183103,1,0,0:0:0:0:
448,192,183103,1,0,0:0:0:0:
448,192,183215,128,0,183439:0:0:0:0:
64,192,183327,1,0,0:0:0:0:
320,192,183327,1,0,0:0:0:0:
192,192,183439,128,0,183551:0:0:0:0:
64,192,183551,1,0,0:0:0:0:
320,192,183551,1,0,0:0:0:0:
448,192,183551,1,0,0:0:0:0:
64,192,183663,128,0,183887:0:0:0:0:
192,192,183775,1,0,0:0:0:0:
320,192,183775,1,0,0:0:0:0:
448,192,183887,128,0,183999:0:0:0:0:
192,192,183999,1,0,0:0:0:0:
320,192,183999,1,0,0:0:0:0:
192,192,184111,128,0,184334:0:0:0:0:
64,192,184222,1,0,0:0:0:0:
320,192,184222,1,0,0:0:0:0:
448,192,184334,128,0,184446:0:0:0:0:
320,192,184446,1,0,0:0:0:0:
64,192,184446,1,0,0:0:0:0:
192,192,184446,1,0,0:0:0:0:
320,192,184558,128,0,184782:0:0:0:0:
192,192,184670,1,0,0:0:0:0:
448,192,184670,1,0,0:0:0:0:
64,192,184782,128,0,184894:0:0:0:0:
192,192,184894,1,0,0:0:0:0:
448,192,184894,1,0,0:0:0:0:
448,192,185006,128,0,185230:0:0:0:0:
192,192,185118,1,0,0:0:0:0:
320,192,185118,1,0,0:0:0:0:
64,192,185230,128,0,185342:0:0:0:0:
192,192,185342,1,0,0:0:0:0:
320,192,185342,1,0,0:0:0:0:
448,192,185342,1,0,0:0:0:0:
192,192,185454,128,0,185678:0:0:0:0:
320,192,185566,1,0,0:0:0:0:
64,192,185566,1,0,0:0:0:0:
448,192,185678,128,0,185790:0:0:0:0:
320,192,185790,1,0,0:0:0:0:
64,192,185790,1,0,0:0:0:0:
64,192,185902,1,0,0:0:0:0:
448,192,185902,1,0,0:0:0:0:
192,192,185902,1,0,0:0:0:0:
320,192,186014,1,0,0:0:0:0:
320,192,186125,128,0,186349:0:0:0:0:
64,192,186237,1,0,0:0:0:0:
192,192,186237,1,0,0:0:0:0:
448,192,186237,1,0,0:0:0:0:
64,192,186349,128,0,186573:0:0:0:0:
320,192,186461,1,0,0:0:0:0:
448,192,186461,1,0,0:0:0:0:
320,192,186573,1,0,0:0:0:0:
192,192,186573,1,0,0:0:0:0:
192,192,186685,1,0,0:0:0:0:
64,192,186685,1,0,0:0:0:0:
320,192,186797,1,0,0:0:0:0:
448,192,186797,1,0,0:0:0:0:
192,192,186909,1,0,0:0:0:0:
64,192,186909,1,0,0:0:0:0:
320,192,187021,1,0,0:0:0:0:
448,192,187021,1,0,0:0:0:0:
192,192,187133,1,0,0:0:0:0:
64,192,187133,1,0,0:0:0:0:
448,192,187133,1,0,0:0:0:0:
192,192,187245,1,0,0:0:0:0:
320,192,187245,1,0,0:0:0:0:
64,192,187357,1,0,0:0:0:0:
448,192,187357,1,0,0:0:0:0:
320,192,187469,1,0,0:0:0:0:
192,192,187469,1,0,0:0:0:0:
192,192,187581,1,0,0:0:0:0:
448,192,187581,1,0,0:0:0:0:
320,192,187693,1,0,0:0:0:0:
64,192,187693,1,0,0:0:0:0:
192,192,187805,1,0,0:0:0:0:
448,192,187805,1,0,0:0:0:0:
320,192,187917,1,0,0:0:0:0:
64,192,187917,1,0,0:0:0:0:
192,192,188028,1,0,0:0:0:0:
448,192,188028,1,0,0:0:0:0:
64,192,188028,1,0,0:0:0:0:
320,192,188140,1,0,0:0:0:0:
448,192,188140,1,0,0:0:0:0:
192,192,188252,1,0,0:0:0:0:
64,192,188252,1,0,0:0:0:0:
320,192,188364,1,0,0:0:0:0:
448,192,188364,1,0,0:0:0:0:
320,192,188476,1,0,0:0:0:0:
64,192,188476,1,0,0:0:0:0:
448,192,188588,1,0,0:0:0:0:
192,192,188588,1,0,0:0:0:0:
64,192,188700,1,0,0:0:0:0:
320,192,188700,1,0,0:0:0:0:
64,192,188812,1,0,0:0:0:0:
448,192,188812,1,0,0:0:0:0:
320,192,188924,1,0,0:0:0:0:
192,192,188924,1,0,0:0:0:0:
448,192,188924,1,0,0:0:0:0:
64,192,189036,1,0,0:0:0:0:
320,192,189036,1,0,0:0:0:0:
64,192,189148,1,0,0:0:0:0:
448,192,189148,1,0,0:0:0:0:
320,192,189260,1,0,0:0:0:0:
192,192,189260,1,0,0:0:0:0:
192,192,189372,1,0,0:0:0:0:
448,192,189372,1,0,0:0:0:0:
64,192,189484,1,0,0:0:0:0:
320,192,189484,1,0,0:0:0:0:
64,192,189596,1,0,0:0:0:0:
192,192,189596,1,0,0:0:0:0:
448,192,189596,1,0,0:0:0:0:
192,192,189708,1,0,0:0:0:0:
320,192,189708,1,0,0:0:0:0:
320,192,189819,1,0,0:0:0:0:
448,192,189819,1,0,0:0:0:0:
64,192,189819,1,0,0:0:0:0:
64,192,189931,1,0,0:0:0:0:
192,192,189931,1,0,0:0:0:0:
192,192,190043,1,0,0:0:0:0:
320,192,190043,1,0,0:0:0:0:
320,192,190155,1,0,0:0:0:0:
448,192,190155,1,0,0:0:0:0:
192,192,190267,5,0,0:0:0:0:
64,192,190267,128,0,190603:0:0:0:0:
448,192,190267,128,0,190491:0:0:0:0:
320,192,190491,128,0,190603:0:0:0:0:
192,192,190603,128,0,190715:0:0:0:0:
64,192,190715,128,0,191051:0:0:0:0:
320,192,190715,1,0,0:0:0:0:
448,192,190715,128,0,191387:0:0:0:0:
320,192,190939,128,0,191275:0:0:0:0:
192,192,190939,128,0,191051:0:0:0:0:
192,192,191163,1,0,0:0:0:0:
64,192,191163,128,0,191499:0:0:0:0:
192,192,191387,128,0,191722:0:0:0:0:
448,192,191499,128,0,191611:0:0:0:0:
64,192,191611,1,0,0:0:0:0:
320,192,191611,128,0,191834:0:0:0:0:
448,192,191722,128,0,191946:0:0:0:0:
192,192,191834,128,0,192058:0:0:0:0:
64,192,191834,1,0,0:0:0:0:
320,192,191946,128,0,192170:0:0:0:0:
64,192,192058,128,0,192282:0:0:0:0:
448,192,192058,1,0,0:0:0:0:
192,192,192170,128,0,192394:0:0:0:0:
320,192,192282,1,0,0:0:0:0:
448,192,192282,128,0,192394:0:0:0:0:
64,192,192394,128,0,192506:0:0:0:0:
320,192,192506,128,0,192730:0:0:0:0:
448,192,192506,1,0,0:0:0:0:
192,192,192506,128,0,192618:0:0:0:0:
64,192,192618,128,0,192842:0:0:0:0:
192,192,192730,1,0,0:0:0:0:
448,192,192730,128,0,192954:0:0:0:0:
320,192,192842,128,0,192954:0:0:0:0:
192,192,192954,128,0,193066:0:0:0:0:
64,192,192954,1,0,0:0:0:0:
448,192,193066,1,0,0:0:0:0:
320,192,193066,128,0,193290:0:0:0:0:
64,192,193066,128,0,193514:0:0:0:0:
192,192,193178,128,0,193290:0:0:0:0:
448,192,193290,128,0,193402:0:0:0:0:
192,192,193402,1,0,0:0:0:0:
320,192,193402,128,0,193625:0:0:0:0:
448,192,193514,128,0,193625:0:0:0:0:
192,192,193625,1,0,0:0:0:0:
64,192,193625,1,0,0:0:0:0:
320,192,193737,1,0,0:0:0:0:
448,192,193737,1,0,0:0:0:0:
64,192,193849,1,0,0:0:0:0:
192,192,193849,128,0,194073:0:0:0:0:
320,192,193961,128,0,194185:0:0:0:0:
64,192,194073,128,0,194185:0:0:0:0:
448,192,194073,1,0,0:0:0:0:
192,192,194185,128,0,194297:0:0:0:0:
320,192,194297,128,0,194521:0:0:0:0:
64,192,194297,1,0,0:0:0:0:
448,192,194297,128,0,194409:0:0:0:0:
192,192,194409,128,0,194633:0:0:0:0:
448,192,194521,128,0,194745:0:0:0:0:
64,192,194521,1,0,0:0:0:0:
320,192,194633,128,0,194969:0:0:0:0:
64,192,194745,1,0,0:0:0:0:
192,192,194745,128,0,194894:0:0:0:0:
448,192,194857,128,0,195043:0:0:0:0:
64,192,194969,128,0,195081:0:0:0:0:
192,192,195043,128,0,195230:0:0:0:0:
320,192,195118,1,0,0:0:0:0:
448,192,195193,128,0,195305:0:0:0:0:
64,192,195193,128,0,195305:0:0:0:0:
320,192,195267,128,0,195379:0:0:0:0:
192,192,195342,128,0,195454:0:0:0:0:
64,192,195417,128,0,195528:0:0:0:0:
448,192,195417,128,0,195752:0:0:0:0:
320,192,195528,128,0,195640:0:0:0:0:
64,192,195640,128,0,195976:0:0:0:0:
192,192,195640,128,0,195864:0:0:0:0:
320,192,195752,128,0,195976:0:0:0:0:
448,192,195864,128,0,195976:0:0:0:0:
192,192,195976,128,0,196088:0:0:0:0:
64,192,196088,1,0,0:0:0:0:
320,192,196088,128,0,196312:0:0:0:0:
448,192,196088,128,0,196312:0:0:0:0:
192,192,196200,128,0,196424:0:0:0:0:
64,192,196312,128,0,196424:0:0:0:0:
320,192,196424,128,0,196648:0:0:0:0:
448,192,196424,1,0,0:0:0:0:
64,192,196536,1,0,0:0:0:0:
192,192,196536,128,0,196648:0:0:0:0:
448,192,196648,1,0,0:0:0:0:
64,192,196648,128,0,196872:0:0:0:0:
192,192,196760,1,0,0:0:0:0:
320,192,196760,1,0,0:0:0:0:
448,192,196760,128,0,196872:0:0:0:0:
192,192,196872,128,0,196984:0:0:0:0:
64,192,196984,1,0,0:0:0:0:
320,192,196984,128,0,197208:0:0:0:0:
448,192,196984,128,0,197096:0:0:0:0:
192,192,197096,128,0,197208:0:0:0:0:
448,192,197208,1,0,0:0:0:0:
64,192,197208,1,0,0:0:0:0:
192,192,197319,1,0,0:0:0:0:
320,192,197319,1,0,0:0:0:0:
448,192,197431,1,0,0:0:0:0:
64,192,197431,128,0,197506:0:0:0:0:
192,192,197506,128,0,197767:0:0:0:0:
320,192,197581,128,0,197655:0:0:0:0:
64,192,197655,128,0,197767:0:0:0:0:
448,192,197655,1,0,0:0:0:0:
320,192,197767,128,0,197879:0:0:0:0:
64,192,197879,1,0,0:0:0:0:
192,192,197879,128,0,198103:0:0:0:0:
448,192,197879,128,0,197991:0:0:0:0:
320,192,197991,128,0,198290:0:0:0:0:
64,192,198103,128,0,198215:0:0:0:0:
448,192,198103,1,0,0:0:0:0:
192,192,198215,128,0,198364:0:0:0:0:
448,192,198327,128,0,198402:0:0:0:0:
64,192,198327,128,0,198439:0:0:0:0:
320,192,198402,128,0,198663:0:0:0:0:
192,192,198476,128,0,198551:0:0:0:0:
448,192,198551,128,0,198663:0:0:0:0:
64,192,198551,1,0,0:0:0:0:
192,192,198663,128,0,198775:0:0:0:0:
64,192,198775,128,0,199111:0:0:0:0:
448,192,198775,1,0,0:0:0:0:
320,192,198775,128,0,198887:0:0:0:0:
192,192,198887,128,0,198999:0:0:0:0:
448,192,198999,1,0,0:0:0:0:
320,192,198999,128,0,199222:0:0:0:0:
192,192,199111,128,0,199334:0:0:0:0:
64,192,199222,1,0,0:0:0:0:
448,192,199222,128,0,199446:0:0:0:0:
320,192,199334,128,0,199558:0:0:0:0:
192,192,199446,1,0,0:0:0:0:
64,192,199446,128,0,199558:0:0:0:0:
448,192,199558,128,0,199670:0:0:0:0:
64,192,199670,1,0,0:0:0:0:
320,192,199670,128,0,199782:0:0:0:0:
192,192,199670,128,0,199894:0:0:0:0:
448,192,199782,128,0,200006:0:0:0:0:
64,192,199894,1,0,0:0:0:0:
320,192,199894,128,0,200118:0:0:0:0:
192,192,200006,128,0,200118:0:0:0:0:
448,192,200118,1,0,0:0:0:0:
64,192,200118,128,0,200454:0:0:0:0:
192,192,200230,1,0,0:0:0:0:
320,192,200230,1,0,0:0:0:0:
448,192,200230,128,0,200342:0:0:0:0:
320,192,200342,128,0,200454:0:0:0:0:
192,192,200454,128,0,200566:0:0:0:0:
64,192,200566,1,0,0:0:0:0:
320,192,200566,128,0,200790:0:0:0:0:
448,192,200566,128,0,200678:0:0:0:0:
192,192,200678,128,0,200790:0:0:0:0:
64,192,200790,1,0,0:0:0:0:
448,192,200790,1,0,0:0:0:0:
192,192,200902,1,0,0:0:0:0:
320,192,200902,1,0,0:0:0:0:
448,192,201014,128,0,201125:0:0:0:0:
64,192,201014,1,0,0:0:0:0:
320,192,201069,128,0,201181:0:0:0:0:
192,192,201125,128,0,201293:0:0:0:0:
64,192,201181,128,0,201237:0:0:0:0:
320,192,201237,128,0,201349:0:0:0:0:
448,192,201293,128,0,201405:0:0:0:0:
64,192,201349,128,0,201461:0:0:0:0:
192,192,201405,128,0,201517:0:0:0:0:
320,192,201461,128,0,201629:0:0:0:0:
448,192,201517,128,0,201573:0:0:0:0:
64,192,201573,128,0,201741:0:0:0:0:
192,192,201629,128,0,201685:0:0:0:0:
448,192,201685,128,0,201797:0:0:0:0:
320,192,201741,128,0,201853:0:0:0:0:
192,192,201797,128,0,201965:0:0:0:0:
64,192,201853,128,0,201909:0:0:0:0:
320,192,201909,128,0,202021:0:0:0:0:
448,192,201965,128,0,202077:0:0:0:0:
64,192,202021,128,0,202133:0:0:0:0:
192,192,202077,128,0,202189:0:0:0:0:
320,192,202133,128,0,202301:0:0:0:0:
448,192,202189,128,0,202245:0:0:0:0:
64,192,202245,128,0,202413:0:0:0:0:
192,192,202301,128,0,202357:0:0:0:0:
448,192,202357,128,0,202469:0:0:0:0:
320,192,202413,128,0,202525:0:0:0:0:
192,192,202469,128,0,202637:0:0:0:0:
64,192,202525,128,0,202581:0:0:0:0:
320,192,202581,128,0,202693:0:0:0:0:
448,192,202637,128,0,202749:0:0:0:0:
64,192,202693,128,0,202917:0:0:0:0:
192,192,202749,1,0,0:0:0:0:
448,192,202805,128,0,202917:0:0:0:0:
320,192,202805,128,0,203028:0:0:0:0:
192,192,202917,128,0,203140:0:0:0:0:
64,192,203028,128,0,203140:0:0:0:0:
448,192,203028,128,0,203140:0:0:0:0:
320,192,203140,128,0,203252:0:0:0:0:
64,192,203252,128,0,203476:0:0:0:0:
448,192,203252,128,0,203476:0:0:0:0:
192,192,203252,128,0,203364:0:0:0:0:
320,192,203364,128,0,203588:0:0:0:0:
192,192,203476,128,0,203588:0:0:0:0:
64,192,203588,128,0,203812:0:0:0:0:
448,192,203588,128,0,203700:0:0:0:0:
192,192,203700,128,0,203812:0:0:0:0:
320,192,203700,128,0,203924:0:0:0:0:
448,192,203812,128,0,204036:0:0:0:0:
64,192,203924,128,0,204036:0:0:0:0:
192,192,203924,128,0,204148:0:0:0:0:
320,192,204036,128,0,204260:0:0:0:0:
448,192,204148,128,0,204260:0:0:0:0:
64,192,204148,128,0,204372:0:0:0:0:
192,192,204260,128,0,204372:0:0:0:0:
320,192,204372,128,0,204484:0:0:0:0:
448,192,204372,128,0,204484:0:0:0:0:
192,192,204484,128,0,204596:0:0:0:0:
64,192,204484,1,0,0:0:0:0:
320,192,204596,1,0,0:0:0:0:
448,192,204596,1,0,0:0:0:0:
64,192,204596,1,0,0:0:0:0:
448,192,205043,1,0,0:0:0:0:
192,192,205267,1,0,0:0:0:0:
64,192,205715,1,0,0:0:0:0:
320,192,205939,1,0,0:0:0:0:
448,192,205939,1,0,0:0:0:0:
192,192,206163,1,0,0:0:0:0:
64,192,206387,1,0,0:0:0:0:
448,192,206387,1,0,0:0:0:0:
64,192,207282,1,0,0:0:0:0:
192,192,207506,1,0,0:0:0:0:
320,192,207730,1,0,0:0:0:0:
448,192,207954,1,0,0:0:0:0:
192,192,208178,1,0,0:0:0:0:
64,192,208178,1,0,0:0:0:0:
448,192,208849,1,0,0:0:0:0:
192,192,209073,1,0,0:0:0:0:
320,192,209297,1,0,0:0:0:0:
448,192,209521,1,0,0:0:0:0:
64,192,209521,1,0,0:0:0:0:
192,192,209745,1,0,0:0:0:0:
320,192,209969,1,0,0:0:0:0:
64,192,209969,1,0,0:0:0:0:
448,192,210640,1,0,0:0:0:0:
192,192,210864,1,0,0:0:0:0:
64,192,211088,1,0,0:0:0:0:
192,192,211312,1,0,0:0:0:0:
448,192,211536,1,0,0:0:0:0:
320,192,211760,1,0,0:0:0:0:
64,192,211760,1,0,0:0:0:0:
192,192,211760,1,0,0:0:0:0:
448,192,212431,1,0,0:0:0:0:
64,192,212655,1,0,0:0:0:0:
192,192,212879,1,0,0:0:0:0:
320,192,213103,1,0,0:0:0:0:
448,192,213103,1,0,0:0:0:0:
64,192,213551,1,0,0:0:0:0:
192,192,213551,1,0,0:0:0:0:
320,192,213775,1,0,0:0:0:0:
64,192,214222,1,0,0:0:0:0:
448,192,214222,1,0,0:0:0:0:
192,192,214446,1,0,0:0:0:0:
320,192,214670,1,0,0:0:0:0:
64,192,214894,1,0,0:0:0:0:
192,192,214894,1,0,0:0:0:0:
320,192,215118,1,0,0:0:0:0:
192,192,215342,1,0,0:0:0:0:
64,192,215342,128,0,217133:0:0:0:0:
448,192,216014,1,0,0:0:0:0:
192,192,216237,1,0,0:0:0:0:
320,192,216461,1,0,0:0:0:0:
448,192,216685,1,0,0:0:0:0:
320,192,216909,1,0,0:0:0:0:
192,192,217133,1,0,0:0:0:0:
448,192,217133,1,0,0:0:0:0:
64,192,217357,1,0,0:0:0:0:
320,192,217357,1,0,0:0:0:0:
64,192,217581,1,0,0:0:0:0:
320,192,217581,1,0,0:0:0:0:
448,192,217581,128,0,218588:0:0:0:0:
320,192,217805,128,0,218028:0:0:0:0:
64,192,217917,128,0,218140:0:0:0:0:
192,192,218028,128,0,218252:0:0:0:0:
320,192,218140,128,0,218364:0:0:0:0:
64,192,218252,128,0,218588:0:0:0:0:
192,192,218364,128,0,218476:0:0:0:0:
320,192,218476,128,0,218700:0:0:0:0:
192,192,218588,128,0,218812:0:0:0:0:
448,192,218700,1,0,0:0:0:0:
64,192,218700,128,0,218812:0:0:0:0:
320,192,218812,1,0,0:0:0:0:
64,192,218924,1,0,0:0:0:0:
192,192,218924,1,0,0:0:0:0:
448,192,218924,1,0,0:0:0:0:
320,192,219148,1,0,0:0:0:0:
64,192,219372,1,0,0:0:0:0:
320,192,219596,1,0,0:0:0:0:
64,192,219819,1,0,0:0:0:0:
192,192,219819,1,0,0:0:0:0:
320,192,220043,1,0,0:0:0:0:
64,192,220267,1,0,0:0:0:0:
192,192,220267,1,0,0:0:0:0:
320,192,220491,1,0,0:0:0:0:
64,192,220715,1,0,0:0:0:0:
448,192,220715,1,0,0:0:0:0:
192,192,220939,1,0,0:0:0:0:
448,192,221163,1,0,0:0:0:0:
192,192,221387,1,0,0:0:0:0:
448,192,221611,1,0,0:0:0:0:
320,192,221611,1,0,0:0:0:0:
192,192,221834,1,0,0:0:0:0:
448,192,222058,1,0,0:0:0:0:
320,192,222058,1,0,0:0:0:0:
192,192,222282,1,0,0:0:0:0:
64,192,222506,1,0,0:0:0:0:
448,192,222506,1,0,0:0:0:0:
320,192,222730,1,0,0:0:0:0:
64,192,222954,1,0,0:0:0:0:
320,192,223178,1,0,0:0:0:0:
64,192,223402,1,0,0:0:0:0:
192,192,223402,1,0,0:0:0:0:
320,192,223625,1,0,0:0:0:0:
448,192,223625,1,0,0:0:0:0:
64,192,223849,1,0,0:0:0:0:
320,192,223849,1,0,0:0:0:0:
192,192,224073,1,0,0:0:0:0:
448,192,224073,1,0,0:0:0:0:
64,192,224297,1,0,0:0:0:0:
448,192,224297,1,0,0:0:0:0:
192,192,224521,1,0,0:0:0:0:
448,192,224745,1,0,0:0:0:0:
192,192,224969,1,0,0:0:0:0:
448,192,225193,1,0,0:0:0:0:
320,192,225193,1,0,0:0:0:0:
192,192,225417,1,0,0:0:0:0:
320,192,225640,1,0,0:0:0:0:
448,192,225640,1,0,0:0:0:0:
192,192,225864,1,0,0:0:0:0:
320,192,225864,1,0,0:0:0:0:
64,192,226088,1,0,0:0:0:0:
192,192,226088,1,0,0:0:0:0:
320,192,226312,1,0,0:0:0:0:
64,192,226536,1,0,0:0:0:0:
320,192,226760,1,0,0:0:0:0:
64,192,226984,1,0,0:0:0:0:
320,192,227208,1,0,0:0:0:0:
64,192,227431,1,0,0:0:0:0:
192,192,227431,1,0,0:0:0:0:
192,192,227655,1,0,0:0:0:0:
320,192,227655,1,0,0:0:0:0:
320,192,227879,1,0,0:0:0:0:
448,192,227879,1,0,0:0:0:0:
192,192,227991,1,0,0:0:0:0:
64,192,228103,1,0,0:0:0:0:
64,192,228215,1,0,0:0:0:0:
192,192,228327,1,0,0:0:0:0:
448,192,228327,1,0,0:0:0:0:
320,192,228439,1,0,0:0:0:0:
448,192,228551,1,0,0:0:0:0:
448,192,228663,1,0,0:0:0:0:
64,192,228775,1,0,0:0:0:0:
320,192,228775,1,0,0:0:0:0:
192,192,228887,1,0,0:0:0:0:
64,192,228999,1,0,0:0:0:0:
64,192,229111,1,0,0:0:0:0:
320,192,229222,1,0,0:0:0:0:
448,192,229222,1,0,0:0:0:0:
192,192,229334,1,0,0:0:0:0:
320,192,229446,1,0,0:0:0:0:
320,192,229558,1,0,0:0:0:0:
64,192,229670,1,0,0:0:0:0:
192,192,229670,1,0,0:0:0:0:
448,192,229670,1,0,0:0:0:0:
320,192,229782,1,0,0:0:0:0:
192,192,229894,1,0,0:0:0:0:
64,192,229894,1,0,0:0:0:0:
448,192,230006,1,0,0:0:0:0:
320,192,230006,1,0,0:0:0:0:
64,192,230118,1,0,0:0:0:0:
192,192,230118,1,0,0:0:0:0:
320,192,230230,1,0,0:0:0:0:
448,192,230230,1,0,0:0:0:0:
192,192,230342,1,0,0:0:0:0:
64,192,230342,1,0,0:0:0:0:
448,192,230454,1,0,0:0:0:0:
320,192,230454,1,0,0:0:0:0:
192,192,230566,1,0,0:0:0:0:
64,192,230566,1,0,0:0:0:0:
320,192,230678,1,0,0:0:0:0:
448,192,230678,1,0,0:0:0:0:
192,192,230790,1,0,0:0:0:0:
64,192,230790,1,0,0:0:0:0:
320,192,230902,1,0,0:0:0:0:
448,192,230902,1,0,0:0:0:0:
192,192,231014,1,0,0:0:0:0:
64,192,231014,1,0,0:0:0:0:
320,192,231125,1,0,0:0:0:0:
448,192,231125,1,0,0:0:0:0:
192,192,231237,1,0,0:0:0:0:
64,192,231237,1,0,0:0:0:0:
320,192,231349,1,0,0:0:0:0:
448,192,231349,1,0,0:0:0:0:
64,192,231461,1,0,0:0:0:0:
192,192,231517,1,0,0:0:0:0:
320,192,231573,1,0,0:0:0:0:
448,192,231573,1,0,0:0:0:0:
192,192,231685,5,0,0:0:0:0:
320,192,231685,1,0,0:0:0:0:
64,192,231797,1,0,0:0:0:0:
192,192,231797,1,0,0:0:0:0:
448,192,231909,1,0,0:0:0:0:
64,192,231909,1,0,0:0:0:0:
320,192,232021,1,0,0:0:0:0:
448,192,232021,1,0,0:0:0:0:
192,192,232133,1,0,0:0:0:0:
320,192,232133,1,0,0:0:0:0:
64,192,232245,1,0,0:0:0:0:
192,192,232245,1,0,0:0:0:0:
64,192,232357,1,0,0:0:0:0:
448,192,232357,1,0,0:0:0:0:
320,192,232431,1,0,0:0:0:0:
192,192,232506,1,0,0:0:0:0:
64,192,232581,1,0,0:0:0:0:
448,192,232581,1,0,0:0:0:0:
192,192,232693,1,0,0:0:0:0:
320,192,232693,1,0,0:0:0:0:
64,192,232805,1,0,0:0:0:0:
448,192,232805,128,0,232972:0:0:0:0:
192,192,232861,1,0,0:0:0:0:
320,192,232917,128,0,233028:0:0:0:0:
192,192,232972,128,0,233084:0:0:0:0:
64,192,233028,128,0,233140:0:0:0:0:
448,192,233084,1,0,0:0:0:0:
320,192,233140,1,0,0:0:0:0:
192,192,233196,1,0,0:0:0:0:
448,192,233252,5,0,0:0:0:0:
64,192,233252,128,0,233476:0:0:0:0:
320,192,233308,1,0,0:0:0:0:
192,192,233364,128,0,233532:0:0:0:0:
448,192,233420,128,0,233588:0:0:0:0:
320,192,233476,128,0,233588:0:0:0:0:
64,192,233588,128,0,233812:0:0:0:0:
192,192,233644,128,0,233756:0:0:0:0:
448,192,233700,128,0,234036:0:0:0:0:
320,192,233700,1,0,0:0:0:0:
320,192,233812,128,0,233868:0:0:0:0:
192,192,233924,128,0,234092:0:0:0:0:
64,192,233924,128,0,234036:0:0:0:0:
320,192,234036,128,0,234148:0:0:0:0:
448,192,234148,128,0,234372:0:0:0:0:
64,192,234148,1,0,0:0:0:0:
192,192,234204,1,0,0:0:0:0:
320,192,234260,128,0,234428:0:0:0:0:
64,192,234316,128,0,234484:0:0:0:0:
192,192,234372,128,0,234484:0:0:0:0:
448,192,234484,128,0,234708:0:0:0:0:
320,192,234540,128,0,234652:0:0:0:0:
64,192,234596,128,0,234931:0:0:0:0:
192,192,234596,1,0,0:0:0:0:
192,192,234708,128,0,234764:0:0:0:0:
448,192,234819,128,0,234931:0:0:0:0:
320,192,234819,128,0,234987:0:0:0:0:
192,192,234931,128,0,235043:0:0:0:0:
64,192,235043,1,0,0:0:0:0:
448,192,235043,128,0,235435:0:0:0:0:
320,192,235099,1,0,0:0:0:0:
192,192,235155,128,0,235323:0:0:0:0:
64,192,235211,1,0,0:0:0:0:
320,192,235267,128,0,235379:0:0:0:0:
64,192,235379,128,0,235715:0:0:0:0:
192,192,235435,1,0,0:0:0:0:
320,192,235491,128,0,235659:0:0:0:0:
448,192,235547,1,0,0:0:0:0:
192,192,235603,128,0,235771:0:0:0:0:
320,192,235715,128,0,235883:0:0:0:0:
448,192,235771,128,0,235939:0:0:0:0:
64,192,235827,128,0,235995:0:0:0:0:
192,192,235939,128,0,236051:0:0:0:0:
320,192,235995,128,0,236275:0:0:0:0:
448,192,236051,128,0,236275:0:0:0:0:
64,192,236107,128,0,236499:0:0:0:0:
192,192,236163,128,0,236275:0:0:0:0:
192,192,236387,1,0,0:0:0:0:
320,192,236387,128,0,236499:0:0:0:0:
448,192,236387,128,0,236722:0:0:0:0:
320,192,236611,1,0,0:0:0:0:
192,192,236611,128,0,236722:0:0:0:0:
64,192,236611,128,0,236834:0:0:0:0:
320,192,236834,128,0,236946:0:0:0:0:
192,192,236834,1,0,0:0:0:0:
448,192,236890,128,0,237114:0:0:0:0:
64,192,236946,128,0,237114:0:0:0:0:
192,192,237002,1,0,0:0:0:0:
320,192,237058,128,0,237170:0:0:0:0:
192,192,237170,128,0,237394:0:0:0:0:
64,192,237226,128,0,237338:0:0:0:0:
320,192,237282,128,0,237618:0:0:0:0:
448,192,237282,1,0,0:0:0:0:
448,192,237394,128,0,237450:0:0:0:0:
64,192,237506,128,0,237618:0:0:0:0:
192,192,237506,128,0,237618:0:0:0:0:
448,192,237618,128,0,237730:0:0:0:0:
320,192,237730,1,0,0:0:0:0:
192,192,237730,128,0,237842:0:0:0:0:
64,192,237786,128,0,238010:0:0:0:0:
448,192,237842,128,0,238010:0:0:0:0:
320,192,237898,1,0,0:0:0:0:
192,192,237954,128,0,238066:0:0:0:0:
320,192,238066,128,0,238290:0:0:0:0:
448,192,238122,128,0,238234:0:0:0:0:
192,192,238178,128,0,238514:0:0:0:0:
64,192,238178,1,0,0:0:0:0:
64,192,238290,128,0,238346:0:0:0:0:
320,192,238402,128,0,238514:0:0:0:0:
448,192,238402,128,0,238514:0:0:0:0:
64,192,238514,128,0,238625:0:0:0:0:
320,192,238625,128,0,238961:0:0:0:0:
192,192,238625,1,0,0:0:0:0:
448,192,238681,1,0,0:0:0:0:
64,192,238737,128,0,238905:0:0:0:0:
192,192,238793,1,0,0:0:0:0:
448,192,238849,128,0,239017:0:0:0:0:
192,192,238961,128,0,239297:0:0:0:0:
64,192,239017,1,0,0:0:0:0:
320,192,239073,128,0,239241:0:0:0:0:
448,192,239129,1,0,0:0:0:0:
64,192,239185,128,0,239297:0:0:0:0:
448,192,239297,1,0,0:0:0:0:
320,192,239353,1,0,0:0:0:0:
192,192,239409,128,0,239633:0:0:0:0:
64,192,239409,128,0,239633:0:0:0:0:
448,192,239521,128,0,239857:0:0:0:0:
320,192,239521,128,0,239633:0:0:0:0:
64,192,239745,128,0,240081:0:0:0:0:
320,192,239745,1,0,0:0:0:0:
192,192,239745,128,0,239857:0:0:0:0:
320,192,239969,128,0,240081:0:0:0:0:
192,192,239969,1,0,0:0:0:0:
448,192,239969,128,0,240305:0:0:0:0:
64,192,240193,128,0,240305:0:0:0:0:
192,192,240193,128,0,240417:0:0:0:0:
320,192,240193,1,0,0:0:0:0:
448,192,240417,128,0,240528:0:0:0:0:
64,192,240417,1,0,0:0:0:0:
320,192,240472,128,0,240696:0:0:0:0:
192,192,240528,128,0,240640:0:0:0:0:
64,192,240584,128,0,240752:0:0:0:0:
448,192,240640,128,0,240752:0:0:0:0:
192,192,240752,128,0,240864:0:0:0:0:
320,192,240808,1,0,0:0:0:0:
448,192,240864,128,0,240976:0:0:0:0:
64,192,240864,1,0,0:0:0:0:
320,192,240920,128,0,241088:0:0:0:0:
192,192,240976,128,0,241256:0:0:0:0:
64,192,241032,128,0,241200:0:0:0:0:
448,192,241088,1,0,0:0:0:0:
320,192,241200,128,0,241312:0:0:0:0:
64,192,241312,128,0,241536:0:0:0:0:
448,192,241312,1,0,0:0:0:0:
192,192,241368,1,0,0:0:0:0:
320,192,241424,128,0,241648:0:0:0:0:
448,192,241480,128,0,241592:0:0:0:0:
192,192,241536,128,0,241704:0:0:0:0:
64,192,241648,128,0,241760:0:0:0:0:
320,192,241760,128,0,241984:0:0:0:0:
448,192,241760,1,0,0:0:0:0:
192,192,241816,1,0,0:0:0:0:
64,192,241872,128,0,242096:0:0:0:0:
192,192,241984,128,0,242152:0:0:0:0:
448,192,241984,1,0,0:0:0:0:
320,192,242096,128,0,242208:0:0:0:0:
64,192,242208,128,0,242319:0:0:0:0:
448,192,242208,1,0,0:0:0:0:
192,192,242264,128,0,242487:0:0:0:0:
320,192,242319,128,0,242431:0:0:0:0:
448,192,242375,128,0,242543:0:0:0:0:
64,192,242431,128,0,242543:0:0:0:0:
320,192,242543,128,0,242655:0:0:0:0:
192,192,242599,1,0,0:0:0:0:
64,192,242655,128,0,242767:0:0:0:0:
448,192,242655,1,0,0:0:0:0:
192,192,242711,128,0,242879:0:0:0:0:
320,192,242767,128,0,243047:0:0:0:0:
448,192,242823,128,0,242991:0:0:0:0:
64,192,242879,1,0,0:0:0:0:
192,192,242991,128,0,243103:0:0:0:0:
448,192,243103,128,0,243327:0:0:0:0:
64,192,243103,1,0,0:0:0:0:
320,192,243159,1,0,0:0:0:0:
192,192,243215,128,0,243439:0:0:0:0:
64,192,243271,128,0,243495:0:0:0:0:
320,192,243327,128,0,243383:0:0:0:0:
448,192,243439,128,0,243551:0:0:0:0:
320,192,243495,128,0,243607:0:0:0:0:
64,192,243551,128,0,243831:0:0:0:0:
192,192,243551,1,0,0:0:0:0:
448,192,243663,128,0,243887:0:0:0:0:
192,192,243719,1,0,0:0:0:0:
320,192,243775,128,0,243943:0:0:0:0:
192,192,243887,128,0,243999:0:0:0:0:
64,192,243999,1,0,0:0:0:0:
448,192,243999,128,0,244111:0:0:0:0:
320,192,244055,128,0,244222:0:0:0:0:
192,192,244111,128,0,244334:0:0:0:0:
64,192,244167,128,0,245678:0:0:0:0:
448,192,244222,128,0,244334:0:0:0:0:
320,192,244334,128,0,244446:0:0:0:0:
192,192,244446,128,0,244558:0:0:0:0:
448,192,244446,128,0,244670:0:0:0:0:
320,192,244558,128,0,244782:0:0:0:0:
192,192,244670,128,0,244782:0:0:0:0:
448,192,244782,128,0,244894:0:0:0:0:
320,192,244894,128,0,245006:0:0:0:0:
192,192,244894,128,0,245118:0:0:0:0:
448,192,245006,128,0,245230:0:0:0:0:
320,192,245118,128,0,245230:0:0:0:0:
192,192,245230,128,0,245342:0:0:0:0:
448,192,245342,128,0,245454:0:0:0:0:
320,192,245342,128,0,245566:0:0:0:0:
192,192,245454,128,0,245902:0:0:0:0:
448,192,245566,128,0,245678:0:0:0:0:
320,192,245678,128,0,245846:0:0:0:0:
64,192,245790,128,0,245958:0:0:0:0:
448,192,245790,1,0,0:0:0:0:
320,192,246014,128,0,246293:0:0:0:0:
192,192,246125,128,0,246349:0:0:0:0:
448,192,246125,1,0,0:0:0:0:
64,192,246125,1,0,0:0:0:0:
448,192,246237,1,0,0:0:0:0:
64,192,246237,128,0,246405:0:0:0:0:
320,192,246461,128,0,246573:0:0:0:0:
448,192,246461,128,0,246797:0:0:0:0:
192,192,246461,1,0,0:0:0:0:
192,192,246685,128,0,246797:0:0:0:0:
64,192,246685,128,0,247021:0:0:0:0:
320,192,246685,1,0,0:0:0:0:
320,192,246909,128,0,247133:0:0:0:0:
448,192,246909,128,0,247021:0:0:0:0:
192,192,246909,1,0,0:0:0:0:
448,192,247133,128,0,247245:0:0:0:0:
192,192,247133,1,0,0:0:0:0:
64,192,247133,1,0,0:0:0:0:
192,192,247245,128,0,247525:0:0:0:0:
64,192,247245,128,0,247469:0:0:0:0:
448,192,247357,1,0,0:0:0:0:
320,192,247357,1,0,0:0:0:0:
320,192,247469,128,0,247581:0:0:0:0:
64,192,247581,128,0,247917:0:0:0:0:
448,192,247581,1,0,0:0:0:0:
192,192,247637,1,0,0:0:0:0:
320,192,247693,128,0,248028:0:0:0:0:
448,192,247749,1,0,0:0:0:0:
192,192,247805,128,0,247917:0:0:0:0:
448,192,247917,128,0,248252:0:0:0:0:
64,192,248028,1,0,0:0:0:0:
192,192,248028,128,0,248140:0:0:0:0:
320,192,248140,128,0,248308:0:0:0:0:
192,192,248252,1,0,0:0:0:0:
64,192,248308,128,0,248700:0:0:0:0:
448,192,248364,128,0,248588:0:0:0:0:
192,192,248420,1,0,0:0:0:0:
320,192,248476,128,0,248644:0:0:0:0:
192,192,248588,128,0,248756:0:0:0:0:
320,192,248700,1,0,0:0:0:0:
448,192,248756,128,0,249148:0:0:0:0:
64,192,248812,128,0,249036:0:0:0:0:
320,192,248868,1,0,0:0:0:0:
192,192,248924,128,0,249092:0:0:0:0:
320,192,249036,128,0,249204:0:0:0:0:
192,192,249148,1,0,0:0:0:0:
64,192,249204,128,0,249428:0:0:0:0:
320,192,249260,1,0,0:0:0:0:
448,192,249372,128,0,249484:0:0:0:0:
192,192,249372,1,0,0:0:0:0:
320,192,249428,128,0,249708:0:0:0:0:
192,192,249484,128,0,249596:0:0:0:0:
64,192,249540,128,0,249652:0:0:0:0:
448,192,249596,128,0,249764:0:0:0:0:
192,192,249708,1,0,0:0:0:0:
448,192,249819,1,0,0:0:0:0:
64,192,249819,128,0,249931:0:0:0:0:
320,192,249819,1,0,0:0:0:0:
192,192,249875,128,0,250155:0:0:0:0:
320,192,249931,128,0,250043:0:0:0:0:
448,192,249987,128,0,250099:0:0:0:0:
64,192,250043,128,0,250211:0:0:0:0:
320,192,250155,1,0,0:0:0:0:
448,192,250267,128,0,250379:0:0:0:0:
192,192,250267,1,0,0:0:0:0:
320,192,250323,128,0,250603:0:0:0:0:
192,192,250379,128,0,250491:0:0:0:0:
64,192,250435,128,0,250547:0:0:0:0:
448,192,250491,128,0,250659:0:0:0:0:
192,192,250603,1,0,0:0:0:0:
320,192,250715,128,0,250827:0:0:0:0:
64,192,250715,128,0,251051:0:0:0:0:
448,192,250715,1,0,0:0:0:0:
448,192,250939,128,0,251051:0:0:0:0:
320,192,250939,128,0,251163:0:0:0:0:
192,192,250939,1,0,0:0:0:0:
448,192,251163,128,0,251331:0:0:0:0:
192,192,251163,1,0,0:0:0:0:
64,192,251219,128,0,251443:0:0:0:0:
320,192,251275,1,0,0:0:0:0:
192,192,251331,128,0,251499:0:0:0:0:
320,192,251387,128,0,251555:0:0:0:0:
448,192,251499,128,0,251946:0:0:0:0:
64,192,251555,128,0,251834:0:0:0:0:
320,192,251611,1,0,0:0:0:0:
192,192,251611,1,0,0:0:0:0:
192,192,251722,128,0,251778:0:0:0:0:
320,192,251834,128,0,252002:0:0:0:0:
192,192,251890,128,0,252058:0:0:0:0:
320,192,252058,1,0,0:0:0:0:
64,192,252058,128,0,252226:0:0:0:0:
448,192,252114,128,0,252338:0:0:0:0:
192,192,252170,1,0,0:0:0:0:
320,192,252226,128,0,252394:0:0:0:0:
192,192,252282,128,0,252450:0:0:0:0:
64,192,252394,128,0,252842:0:0:0:0:
448,192,252450,128,0,252730:0:0:0:0:
192,192,252506,1,0,0:0:0:0:
320,192,252506,1,0,0:0:0:0:
320,192,252618,128,0,252674:0:0:0:0:
192,192,252730,128,0,252898:0:0:0:0:
320,192,252786,128,0,252954:0:0:0:0:
64,192,252954,128,0,253290:0:0:0:0:
448,192,252954,1,0,0:0:0:0:
192,192,253010,1,0,0:0:0:0:
320,192,253066,1,0,0:0:0:0:
448,192,253122,128,0,253402:0:0:0:0:
192,192,253178,128,0,253290:0:0:0:0:
320,192,253290,128,0,253514:0:0:0:0:
64,192,253402,128,0,253625:0:0:0:0:
192,192,253402,128,0,253625:0:0:0:0:
448,192,253514,128,0,253737:0:0:0:0:
320,192,253625,1,0,0:0:0:0:
64,192,253737,128,0,253849:0:0:0:0:
192,192,253737,1,0,0:0:0:0:
320,192,253849,128,0,253961:0:0:0:0:
448,192,253849,1,0,0:0:0:0:
192,192,253905,128,0,254185:0:0:0:0:
64,192,253961,128,0,254185:0:0:0:0:
448,192,254073,128,0,254409:0:0:0:0:
320,192,254073,1,0,0:0:0:0:
192,192,254297,128,0,254633:0:0:0:0:
64,192,254297,128,0,254633:0:0:0:0:
320,192,254297,1,0,0:0:0:0:
448,192,254521,1,0,0:0:0:0:
320,192,254521,1,0,0:0:0:0:
320,192,254633,128,0,254745:0:0:0:0:
192,192,254745,128,0,254857:0:0:0:0:
448,192,254745,1,0,0:0:0:0:
64,192,254801,128,0,255081:0:0:0:0:
320,192,254857,1,0,0:0:0:0:
448,192,254913,128,0,255081:0:0:0:0:
192,192,254969,128,0,255137:0:0:0:0:
320,192,255081,128,0,255193:0:0:0:0:
448,192,255193,1,0,0:0:0:0:
64,192,255193,128,0,255305:0:0:0:0:
192,192,255249,128,0,255528:0:0:0:0:
320,192,255305,1,0,0:0:0:0:
448,192,255361,128,0,255528:0:0:0:0:
64,192,255417,128,0,255584:0:0:0:0:
320,192,255528,128,0,255640:0:0:0:0:
192,192,255640,128,0,255752:0:0:0:0:
448,192,255640,1,0,0:0:0:0:
64,192,255696,128,0,256032:0:0:0:0:
320,192,255752,128,0,255920:0:0:0:0:
448,192,255808,1,0,0:0:0:0:
192,192,255864,128,0,255976:0:0:0:0:
448,192,255976,128,0,256088:0:0:0:0:
320,192,256032,128,0,256424:0:0:0:0:
192,192,256088,128,0,256200:0:0:0:0:
64,192,256144,1,0,0:0:0:0:
448,192,256200,128,0,256312:0:0:0:0:
64,192,256312,128,0,256424:0:0:0:0:
192,192,256312,128,0,256536:0:0:0:0:
448,192,256424,1,0,0:0:0:0:
64,192,256536,1,0,0:0:0:0:
320,192,256536,128,0,256648:0:0:0:0:
448,192,256592,128,0,256872:0:0:0:0:
192,192,256648,1,0,0:0:0:0:
64,192,256704,128,0,256872:0:0:0:0:
320,192,256760,128,0,256928:0:0:0:0:
192,192,256872,128,0,256984:0:0:0:0:
64,192,256984,1,0,0:0:0:0:
448,192,256984,128,0,257096:0:0:0:0:
320,192,257040,128,0,257319:0:0:0:0:
192,192,257096,1,0,0:0:0:0:
64,192,257152,128,0,257319:0:0:0:0:
448,192,257208,128,0,257375:0:0:0:0:
192,192,257319,128,0,257431:0:0:0:0:
320,192,257431,128,0,257543:0:0:0:0:
64,192,257431,1,0,0:0:0:0:
448,192,257487,128,0,257823:0:0:0:0:
192,192,257543,128,0,257711:0:0:0:0:
64,192,257599,1,0,0:0:0:0:
320,192,257655,128,0,257767:0:0:0:0:
64,192,257767,128,0,257879:0:0:0:0:
192,192,257823,128,0,258103:0:0:0:0:
320,192,257879,128,0,257991:0:0:0:0:
448,192,257935,1,0,0:0:0:0:
64,192,257991,128,0,258103:0:0:0:0:
448,192,258103,128,0,258215:0:0:0:0:
320,192,258103,128,0,258215:0:0:0:0:
192,192,258215,1,0,0:0:0:0:
64,192,258215,128,0,258327:0:0:0:0:
448,192,258327,1,0,0:0:0:0:
320,192,258327,128,0,258439:0:0:0:0:
192,192,258383,128,0,258551:0:0:0:0:
64,192,258439,128,0,258887:0:0:0:0:
448,192,258551,128,0,258663:0:0:0:0:
320,192,258551,128,0,258663:0:0:0:0:
192,192,258663,128,0,258775:0:0:0:0:
320,192,258775,128,0,258999:0:0:0:0:
448,192,258775,128,0,260006:0:0:0:0:
192,192,258887,128,0,259111:0:0:0:0:
64,192,258999,128,0,259111:0:0:0:0:
320,192,259111,128,0,259222:0:0:0:0:
192,192,259222,128,0,259334:0:0:0:0:
64,192,259222,128,0,259446:0:0:0:0:
320,192,259334,128,0,259558:0:0:0:0:
192,192,259446,128,0,259558:0:0:0:0:
64,192,259558,128,0,259670:0:0:0:0:
320,192,259670,128,0,259782:0:0:0:0:
192,192,259670,128,0,259894:0:0:0:0:
64,192,259782,128,0,260006:0:0:0:0:
320,192,259894,128,0,260062:0:0:0:0:
192,192,260006,128,0,260118:0:0:0:0:
64,192,260118,128,0,260342:0:0:0:0:
448,192,260118,128,0,260230:0:0:0:0:
320,192,260174,1,0,0:0:0:0:
192,192,260230,128,0,260342:0:0:0:0:
320,192,260342,128,0,260678:0:0:0:0:
448,192,260342,128,0,260454:0:0:0:0:
192,192,260454,1,0,0:0:0:0:
64,192,260454,1,0,0:0:0:0:
448,192,260566,128,0,260678:0:0:0:0:
64,192,260566,128,0,261014:0:0:0:0:
192,192,260678,128,0,260790:0:0:0:0:
320,192,260790,128,0,260902:0:0:0:0:
448,192,260790,128,0,260902:0:0:0:0:
192,192,260902,128,0,261349:0:0:0:0:
320,192,261014,128,0,261125:0:0:0:0:
448,192,261014,128,0,261125:0:0:0:0:
64,192,261125,128,0,261237:0:0:0:0:
448,192,261237,128,0,261461:0:0:0:0:
320,192,261237,128,0,261349:0:0:0:0:
64,192,261349,128,0,261573:0:0:0:0:
192,192,261461,128,0,261797:0:0:0:0:
320,192,261461,128,0,261685:0:0:0:0:
448,192,261573,128,0,261685:0:0:0:0:
64,192,261685,128,0,261797:0:0:0:0:
320,192,261797,1,0,0:0:0:0:
448,192,261797,1,0,0:0:0:0:
192,192,261909,128,0,263140:0:0:0:0:
448,192,261909,1,0,0:0:0:0:
64,192,261909,128,0,262133:0:0:0:0:
320,192,262021,128,0,262245:0:0:0:0:
448,192,262133,128,0,262245:0:0:0:0:
64,192,262245,128,0,262357:0:0:0:0:
448,192,262357,128,0,262581:0:0:0:0:
320,192,262357,1,0,0:0:0:0:
64,192,262469,128,0,262693:0:0:0:0:
320,192,262581,128,0,262693:0:0:0:0:
448,192,262693,128,0,262805:0:0:0:0:
320,192,262805,128,0,263028:0:0:0:0:
64,192,262805,1,0,0:0:0:0:
448,192,262917,128,0,263140:0:0:0:0:
64,192,263028,128,0,263140:0:0:0:0:
320,192,263140,128,0,263252:0:0:0:0:
64,192,263252,128,0,263588:0:0:0:0:
448,192,263252,1,0,0:0:0:0:
192,192,263252,128,0,263476:0:0:0:0:
320,192,263364,128,0,263588:0:0:0:0:
448,192,263476,128,0,263588:0:0:0:0:
192,192,263588,128,0,263700:0:0:0:0:
448,192,263700,128,0,264036:0:0:0:0:
320,192,263700,128,0,263924:0:0:0:0:
64,192,263700,1,0,0:0:0:0:
192,192,263812,128,0,264092:0:0:0:0:
64,192,263924,128,0,264036:0:0:0:0:
320,192,264036,128,0,264148:0:0:0:0:
64,192,264148,1,0,0:0:0:0:
448,192,264148,128,0,264260:0:0:0:0:
192,192,264204,1,0,0:0:0:0:
320,192,264260,128,0,264540:0:0:0:0:
64,192,264372,128,0,264484:0:0:0:0:
448,192,264372,128,0,264484:0:0:0:0:
192,192,264484,128,0,264596:0:0:0:0:
448,192,264596,1,0,0:0:0:0:
64,192,264596,128,0,264708:0:0:0:0:
320,192,264652,1,0,0:0:0:0:
192,192,264708,128,0,264987:0:0:0:0:
448,192,264819,128,0,264931:0:0:0:0:
64,192,264819,128,0,264931:0:0:0:0:
320,192,264931,128,0,265043:0:0:0:0:
64,192,265043,1,0,0:0:0:0:
448,192,265043,128,0,265155:0:0:0:0:
192,192,265099,1,0,0:0:0:0:
320,192,265155,128,0,265379:0:0:0:0:
448,192,265267,128,0,265379:0:0:0:0:
64,192,265267,128,0,265379:0:0:0:0:
192,192,265379,128,0,265491:0:0:0:0:
320,192,265491,128,0,266722:0:0:0:0:
64,192,265491,1,0,0:0:0:0:
448,192,265491,128,0,265715:0:0:0:0:
192,192,265603,128,0,265827:0:0:0:0:
64,192,265715,128,0,265827:0:0:0:0:
448,192,265827,128,0,265939:0:0:0:0:
64,192,265939,128,0,266163:0:0:0:0:
192,192,265939,1,0,0:0:0:0:
448,192,266051,128,0,266275:0:0:0:0:
192,192,266163,128,0,266275:0:0:0:0:
64,192,266275,128,0,266387:0:0:0:0:
192,192,266387,128,0,266611:0:0:0:0:
448,192,266387,1,0,0:0:0:0:
64,192,266499,128,0,266722:0:0:0:0:
448,192,266611,128,0,266722:0:0:0:0:
192,192,266722,128,0,266834:0:0:0:0:
448,192,266834,128,0,267170:0:0:0:0:
64,192,266834,1,0,0:0:0:0:
320,192,266834,128,0,267058:0:0:0:0:
192,192,266946,128,0,267170:0:0:0:0:
64,192,267058,128,0,267170:0:0:0:0:
320,192,267170,128,0,267282:0:0:0:0:
64,192,267282,128,0,267618:0:0:0:0:
192,192,267282,128,0,267506:0:0:0:0:
448,192,267282,1,0,0:0:0:0:
320,192,267394,128,0,267674:0:0:0:0:
448,192,267506,128,0,267618:0:0:0:0:
192,192,267618,128,0,267730:0:0:0:0:
448,192,267730,1,0,0:0:0:0:
64,192,267730,128,0,267842:0:0:0:0:
320,192,267786,1,0,0:0:0:0:
192,192,267842,128,0,268122:0:0:0:0:
64,192,267954,128,0,268066:0:0:0:0:
320,192,268066,128,0,268178:0:0:0:0:
448,192,268066,1,0,0:0:0:0:
64,192,268178,1,0,0:0:0:0:
448,192,268178,128,0,268290:0:0:0:0:
192,192,268234,1,0,0:0:0:0:
320,192,268290,128,0,268569:0:0:0:0:
448,192,268402,128,0,268514:0:0:0:0:
64,192,268402,128,0,268514:0:0:0:0:
192,192,268514,128,0,268625:0:0:0:0:
448,192,268625,1,0,0:0:0:0:
64,192,268625,128,0,268737:0:0:0:0:
320,192,268681,1,0,0:0:0:0:
192,192,268737,128,0,269017:0:0:0:0:
448,192,268849,128,0,268961:0:0:0:0:
64,192,268849,128,0,268961:0:0:0:0:
320,192,268961,128,0,269073:0:0:0:0:
64,192,269073,128,0,269185:0:0:0:0:
448,192,269073,1,0,0:0:0:0:
192,192,269129,1,0,0:0:0:0:
320,192,269185,128,0,269521:0:0:0:0:
448,192,269241,1,0,0:0:0:0:
64,192,269297,128,0,269409:0:0:0:0:
192,192,269297,128,0,269409:0:0:0:0:
448,192,269409,128,0,269633:0:0:0:0:
64,192,269521,1,0,0:0:0:0:
192,192,269521,128,0,269913:0:0:0:0:
320,192,269633,1,0,0:0:0:0:
448,192,269745,1,0,0:0:0:0:
64,192,269745,128,0,269857:0:0:0:0:
320,192,269857,128,0,269969:0:0:0:0:
448,192,269969,128,0,270193:0:0:0:0:
64,192,269969,1,0,0:0:0:0:
192,192,270025,1,0,0:0:0:0:
320,192,270081,128,0,270305:0:0:0:0:
192,192,270193,1,0,0:0:0:0:
64,192,270193,128,0,270305:0:0:0:0:
448,192,270305,128,0,270417:0:0:0:0:
320,192,270417,1,0,0:0:0:0:
192,192,270417,128,0,270752:0:0:0:0:
64,192,270417,128,0,270752:0:0:0:0:
448,192,270528,128,0,270752:0:0:0:0:
320,192,270640,128,0,270752:0:0:0:0:
448,192,270864,128,0,270976:0:0:0:0:
64,192,270864,1,0,0:0:0:0:
320,192,270920,1,0,0:0:0:0:
192,192,270976,128,0,271312:0:0:0:0:
64,192,271032,1,0,0:0:0:0:
448,192,271088,128,0,271200:0:0:0:0:
320,192,271088,128,0,271200:0:0:0:0:
64,192,271200,128,0,271424:0:0:0:0:
320,192,271312,128,0,271704:0:0:0:0:
448,192,271312,1,0,0:0:0:0:
192,192,271424,1,0,0:0:0:0:
64,192,271536,1,0,0:0:0:0:
448,192,271536,128,0,271648:0:0:0:0:
192,192,271648,128,0,271760:0:0:0:0:
64,192,271760,128,0,272096:0:0:0:0:
448,192,271760,1,0,0:0:0:0:
320,192,271816,1,0,0:0:0:0:
192,192,271872,128,0,271984:0:0:0:0:
448,192,271984,128,0,272096:0:0:0:0:
320,192,271984,1,0,0:0:0:0:
192,192,272096,128,0,272208:0:0:0:0:
64,192,272208,1,0,0:0:0:0:
448,192,272208,1,0,0:0:0:0:
320,192,272208,128,0,272431:0:0:0:0:
192,192,272319,128,0,272431:0:0:0:0:
64,192,272431,1,0,0:0:0:0:
448,192,272431,128,0,272711:0:0:0:0:
320,192,272543,128,0,272655:0:0:0:0:
192,192,272543,1,0,0:0:0:0:
64,192,272655,128,0,272767:0:0:0:0:
192,192,272711,1,0,0:0:0:0:
320,192,272767,128,0,272991:0:0:0:0:
448,192,272823,1,0,0:0:0:0:
192,192,272879,128,0,272991:0:0:0:0:
64,192,272879,128,0,273103:0:0:0:0:
448,192,272991,128,0,273215:0:0:0:0:
192,192,273103,128,0,273439:0:0:0:0:
320,192,273103,128,0,273215:0:0:0:0:
64,192,273215,128,0,273327:0:0:0:0:
320,192,273327,128,0,273439:0:0:0:0:
448,192,273327,128,0,273551:0:0:0:0:
64,192,273439,128,0,273663:0:0:0:0:
320,192,273551,128,0,273887:0:0:0:0:
192,192,273551,128,0,273663:0:0:0:0:
448,192,273663,128,0,273775:0:0:0:0:
192,192,273775,128,0,273887:0:0:0:0:
64,192,273775,128,0,273999:0:0:0:0:
448,192,273887,128,0,274111:0:0:0:0:
192,192,273999,128,0,274334:0:0:0:0:
320,192,273999,128,0,274111:0:0:0:0:
64,192,274111,128,0,274222:0:0:0:0:
448,192,274222,128,0,274334:0:0:0:0:
320,192,274222,128,0,274334:0:0:0:0:
64,192,274334,128,0,274446:0:0:0:0:
192,192,274446,128,0,274558:0:0:0:0:
320,192,274446,128,0,274558:0:0:0:0:
448,192,274446,128,0,274894:0:0:0:0:
64,192,274558,128,0,274670:0:0:0:0:
192,192,274670,128,0,274782:0:0:0:0:
320,192,274670,128,0,274782:0:0:0:0:
64,192,274782,128,0,275230:0:0:0:0:
192,192,274894,128,0,275006:0:0:0:0:
320,192,274894,128,0,275006:0:0:0:0:
448,192,275006,128,0,275118:0:0:0:0:
320,192,275118,128,0,275454:0:0:0:0:
192,192,275118,128,0,275230:0:0:0:0:
448,192,275230,128,0,275454:0:0:0:0:
192,192,275342,1,0,0:0:0:0:
64,192,275342,1,0,0:0:0:0:
192,192,275454,128,0,275678:0:0:0:0:
64,192,275454,128,0,275678:0:0:0:0:
448,192,275566,1,0,0:0:0:0:
320,192,275566,1,0,0:0:0:0:
448,192,275678,128,0,275902:0:0:0:0:
320,192,275678,128,0,275902:0:0:0:0:
192,192,275790,1,0,0:0:0:0:
64,192,275790,1,0,0:0:0:0:
192,192,275902,128,0,276125:0:0:0:0:
64,192,275902,128,0,276125:0:0:0:0:
448,192,276014,1,0,0:0:0:0:
320,192,276014,1,0,0:0:0:0:
448,192,276125,1,0,0:0:0:0:
320,192,276125,1,0,0:0:0:0:
448,192,276237,128,0,277469:0:0:0:0:
64,192,276237,128,0,276461:0:0:0:0:
192,192,276237,1,0,0:0:0:0:
320,192,276349,128,0,276573:0:0:0:0:
192,192,276461,128,0,276573:0:0:0:0:
64,192,276573,128,0,276685:0:0:0:0:
320,192,276685,1,0,0:0:0:0:
192,192,276685,128,0,276909:0:0:0:0:
64,192,276797,128,0,277021:0:0:0:0:
320,192,276909,128,0,277021:0:0:0:0:
192,192,277021,128,0,277133:0:0:0:0:
320,192,277133,128,0,277357:0:0:0:0:
64,192,277133,1,0,0:0:0:0:
192,192,277245,128,0,277469:0:0:0:0:
64,192,277357,128,0,277469:0:0:0:0:
320,192,277469,128,0,277581:0:0:0:0:
192,192,277581,1,0,0:0:0:0:
64,192,277581,128,0,277805:0:0:0:0:
448,192,277581,128,0,277917:0:0:0:0:
320,192,277693,128,0,277917:0:0:0:0:
192,192,277805,128,0,277917:0:0:0:0:
64,192,277917,128,0,278028:0:0:0:0:
320,192,278028,128,0,278252:0:0:0:0:
448,192,278028,1,0,0:0:0:0:
192,192,278028,128,0,278420:0:0:0:0:
64,192,278140,128,0,278364:0:0:0:0:
448,192,278252,128,0,278364:0:0:0:0:
320,192,278364,128,0,278476:0:0:0:0:
448,192,278476,128,0,278812:0:0:0:0:
64,192,278476,1,0,0:0:0:0:
192,192,278532,1,0,0:0:0:0:
320,192,278588,1,0,0:0:0:0:
192,192,278700,128,0,278924:0:0:0:0:
64,192,278700,128,0,278812:0:0:0:0:
320,192,278812,128,0,278868:0:0:0:0:
64,192,278924,128,0,279260:0:0:0:0:
448,192,278924,1,0,0:0:0:0:
320,192,278980,1,0,0:0:0:0:
192,192,279036,1,0,0:0:0:0:
320,192,279148,128,0,279372:0:0:0:0:
448,192,279148,128,0,279260:0:0:0:0:
192,192,279260,128,0,279316:0:0:0:0:
448,192,279372,128,0,279484:0:0:0:0:
64,192,279372,1,0,0:0:0:0:
192,192,279428,1,0,0:0:0:0:
320,192,279484,128,0,279708:0:0:0:0:
448,192,279596,128,0,279708:0:0:0:0:
64,192,279596,128,0,279708:0:0:0:0:
192,192,279708,128,0,279819:0:0:0:0:
64,192,279819,128,0,281051:0:0:0:0:
448,192,279819,128,0,280043:0:0:0:0:
320,192,279819,1,0,0:0:0:0:
192,192,279931,128,0,280155:0:0:0:0:
320,192,280043,128,0,280155:0:0:0:0:
448,192,280155,128,0,280267:0:0:0:0:
192,192,280267,1,0,0:0:0:0:
320,192,280267,128,0,280491:0:0:0:0:
448,192,280379,128,0,280603:0:0:0:0:
192,192,280491,128,0,280603:0:0:0:0:
320,192,280603,128,0,280715:0:0:0:0:
192,192,280715,128,0,280939:0:0:0:0:
448,192,280715,1,0,0:0:0:0:
320,192,280827,128,0,281051:0:0:0:0:
448,192,280939,128,0,281051:0:0:0:0:
192,192,281051,128,0,281163:0:0:0:0:
320,192,281163,1,0,0:0:0:0:
448,192,281163,128,0,281387:0:0:0:0:
64,192,281163,128,0,281499:0:0:0:0:
192,192,281275,128,0,281499:0:0:0:0:
320,192,281387,128,0,281499:0:0:0:0:
448,192,281499,128,0,281611:0:0:0:0:
192,192,281611,128,0,281834:0:0:0:0:
64,192,281611,1,0,0:0:0:0:
320,192,281611,128,0,282002:0:0:0:0:
448,192,281722,128,0,281946:0:0:0:0:
64,192,281834,128,0,281946:0:0:0:0:
192,192,281946,128,0,282058:0:0:0:0:
64,192,282058,128,0,282282:0:0:0:0:
448,192,282058,1,0,0:0:0:0:
320,192,282114,1,0,0:0:0:0:
192,192,282170,1,0,0:0:0:0:
320,192,282282,128,0,282506:0:0:0:0:
448,192,282282,128,0,282394:0:0:0:0:
64,192,282394,1,0,0:0:0:0:
192,192,282394,128,0,282450:0:0:0:0:
448,192,282506,128,0,282842:0:0:0:0:
64,192,282506,1,0,0:0:0:0:
192,192,282562,1,0,0:0:0:0:
320,192,282618,1,0,0:0:0:0:
192,192,282730,128,0,282954:0:0:0:0:
64,192,282730,128,0,282842:0:0:0:0:
320,192,282842,128,0,282898:0:0:0:0:
64,192,282954,128,0,283066:0:0:0:0:
448,192,282954,1,0,0:0:0:0:
320,192,283010,1,0,0:0:0:0:
192,192,283066,128,0,283290:0:0:0:0:
448,192,283178,128,0,283290:0:0:0:0:
64,192,283178,128,0,283290:0:0:0:0:
320,192,283290,128,0,283402:0:0:0:0:
64,192,283402,128,0,283514:0:0:0:0:
448,192,283402,1,0,0:0:0:0:
192,192,283458,1,0,0:0:0:0:
320,192,283514,128,0,283961:0:0:0:0:
448,192,283569,1,0,0:0:0:0:
192,192,283625,128,0,283737:0:0:0:0:
64,192,283625,1,0,0:0:0:0:
448,192,283737,128,0,283849:0:0:0:0:
64,192,283849,128,0,284073:0:0:0:0:
192,192,283849,1,0,0:0:0:0:
448,192,283961,128,0,284185:0:0:0:0:
192,192,284073,128,0,284185:0:0:0:0:
320,192,284073,128,0,284185:0:0:0:0:
64,192,284185,128,0,284297:0:0:0:0:
320,192,284297,128,0,284409:0:0:0:0:
448,192,284297,1,0,0:0:0:0:
192,192,284353,128,0,284521:0:0:0:0:
64,192,284409,128,0,284633:0:0:0:0:
320,192,284521,128,0,284633:0:0:0:0:
448,192,284521,128,0,284633:0:0:0:0:
192,192,284633,128,0,284745:0:0:0:0:
448,192,284745,128,0,285081:0:0:0:0:
320,192,284745,128,0,285081:0:0:0:0:
64,192,284745,1,0,0:0:0:0:
192,192,284857,128,0,285081:0:0:0:0:
64,192,284969,128,0,285081:0:0:0:0:
64,192,285193,1,0,0:0:0:0:
448,192,285193,128,0,285305:0:0:0:0:
320,192,285249,1,0,0:0:0:0:
192,192,285305,128,0,285752:0:0:0:0:
64,192,285361,1,0,0:0:0:0:
320,192,285417,128,0,285528:0:0:0:0:
448,192,285417,1,0,0:0:0:0:
64,192,285528,128,0,285640:0:0:0:0:
448,192,285640,128,0,285864:0:0:0:0:
320,192,285640,1,0,0:0:0:0:
64,192,285752,128,0,285976:0:0:0:0:
320,192,285864,128,0,285976:0:0:0:0:
192,192,285864,128,0,285976:0:0:0:0:
448,192,285976,128,0,286088:0:0:0:0:
192,192,286088,128,0,286200:0:0:0:0:
64,192,286088,1,0,0:0:0:0:
320,192,286144,128,0,286312:0:0:0:0:
448,192,286200,128,0,286424:0:0:0:0:
192,192,286312,128,0,286424:0:0:0:0:
64,192,286312,128,0,286424:0:0:0:0:
320,192,286424,128,0,286536:0:0:0:0:
192,192,286536,128,0,286760:0:0:0:0:
64,192,286536,1,0,0:0:0:0:
448,192,286536,1,0,0:0:0:0:
320,192,286648,128,0,286760:0:0:0:0:
64,192,286760,128,0,287040:0:0:0:0:
448,192,286760,128,0,286872:0:0:0:0:
320,192,286872,1,0,0:0:0:0:
192,192,286872,128,0,286984:0:0:0:0:
448,192,286984,128,0,287096:0:0:0:0:
320,192,287040,1,0,0:0:0:0:
192,192,287096,128,0,287319:0:0:0:0:
64,192,287152,1,0,0:0:0:0:
320,192,287208,128,0,287319:0:0:0:0:
448,192,287208,128,0,287431:0:0:0:0:
64,192,287319,128,0,287543:0:0:0:0:
320,192,287431,128,0,287767:0:0:0:0:
192,192,287431,128,0,287543:0:0:0:0:
448,192,287543,128,0,287655:0:0:0:0:
192,192,287655,128,0,287767:0:0:0:0:
64,192,287655,128,0,287879:0:0:0:0:
448,192,287767,128,0,287991:0:0:0:0:
192,192,287879,128,0,288215:0:0:0:0:
320,192,287879,128,0,287991:0:0:0:0:
64,192,287991,128,0,288103:0:0:0:0:
320,192,288103,128,0,288215:0:0:0:0:
448,192,288103,128,0,288327:0:0:0:0:
64,192,288215,128,0,288439:0:0:0:0:
320,192,288327,128,0,288663:0:0:0:0:
192,192,288327,128,0,288439:0:0:0:0:
448,192,288439,128,0,288551:0:0:0:0:
64,192,288551,128,0,288663:0:0:0:0:
192,192,288551,128,0,288663:0:0:0:0:
448,192,288663,128,0,288775:0:0:0:0:
192,192,288775,128,0,288999:0:0:0:0:
320,192,288775,128,0,288887:0:0:0:0:
64,192,288775,128,0,288999:0:0:0:0:
448,192,288887,128,0,288999:0:0:0:0:
320,192,288999,128,0,289111:0:0:0:0:
64,192,289111,128,0,289222:0:0:0:0:
192,192,289111,128,0,289334:0:0:0:0:
448,192,289111,1,0,0:0:0:0:
448,192,289222,128,0,289334:0:0:0:0:
320,192,289222,128,0,289334:0:0:0:0:
64,192,289334,128,0,289558:0:0:0:0:
320,192,289446,128,0,289558:0:0:0:0:
192,192,289446,128,0,289558:0:0:0:0:
448,192,289446,1,0,0:0:0:0:
448,192,289558,128,0,289782:0:0:0:0:
320,192,289670,128,0,289782:0:0:0:0:
192,192,289670,128,0,289782:0:0:0:0:
64,192,289670,1,0,0:0:0:0:
64,192,289782,128,0,290006:0:0:0:0:
320,192,289894,128,0,290006:0:0:0:0:
192,192,289894,128,0,290006:0:0:0:0:
448,192,289894,1,0,0:0:0:0:
448,192,290006,128,0,290566:0:0:0:0:
320,192,290118,128,0,290566:0:0:0:0:
192,192,290118,128,0,290566:0:0:0:0:
64,192,290118,128,0,290566:0:0:0:0:
